-- --------------------------------------------------------
-- 호스트:                          localhost
-- 서버 버전:                        10.9.5-MariaDB - mariadb.org binary distribution
-- 서버 OS:                        Win64
-- HeidiSQL 버전:                  11.3.0.6295
-- --------------------------------------------------------

/*!40101 SET @OLD_CHARACTER_SET_CLIENT=@@CHARACTER_SET_CLIENT */;
/*!40101 SET NAMES utf8 */;
/*!50503 SET NAMES utf8mb4 */;
/*!40014 SET @OLD_FOREIGN_KEY_CHECKS=@@FOREIGN_KEY_CHECKS, FOREIGN_KEY_CHECKS=0 */;
/*!40101 SET @OLD_SQL_MODE=@@SQL_MODE, SQL_MODE='NO_AUTO_VALUE_ON_ZERO' */;
/*!40111 SET @OLD_SQL_NOTES=@@SQL_NOTES, SQL_NOTES=0 */;


-- bbs 데이터베이스 구조 내보내기
CREATE DATABASE IF NOT EXISTS `bbs` /*!40100 DEFAULT CHARACTER SET utf8mb4 COLLATE utf8mb4_general_ci */;
USE `bbs`;

-- 테이블 bbs.bbs 구조 내보내기
CREATE TABLE IF NOT EXISTS `bbs` (
  `seq` int(11) NOT NULL AUTO_INCREMENT,
  `id` varchar(50) DEFAULT NULL,
  `ref` varchar(50) DEFAULT NULL,
  `step` varchar(50) DEFAULT NULL,
  `depth` varchar(50) DEFAULT NULL,
  `title` varchar(50) DEFAULT NULL,
  `content` varchar(50) DEFAULT NULL,
  `created_at` varchar(50) DEFAULT NULL,
  `del` varchar(50) DEFAULT NULL,
  `read_count` varchar(50) DEFAULT NULL,
  KEY `인덱스 1` (`seq`)
) ENGINE=InnoDB AUTO_INCREMENT=3 DEFAULT CHARSET=utf8mb4 COLLATE=utf8mb4_general_ci;

-- 테이블 데이터 bbs.bbs:~18 rows (대략적) 내보내기
DELETE FROM `bbs`;
/*!40000 ALTER TABLE `bbs` DISABLE KEYS */;
INSERT INTO `bbs` (`seq`, `id`, `ref`, `step`, `depth`, `title`, `content`, `created_at`, `del`, `read_count`) VALUES
	(1, 'test0002', '1', '0', '0', '하가다가라라자다아라랄', '거러러거아라랄\n가라가가가가', '2023-08-13 11:12:26', '0', '6'),
	(2, 'test0004', '2', '0', '0', 'adaasdasd', 'asdasdasdasd', '2023-08-18 06:30:56', '0', '1'),
	(1, 'test0002', '1', '0', '0', '하가다가라라자다아라랄', '거러러거아라랄\n가라가가가가', '2023-08-13 11:12:26', '0', '6'),
	(2, 'test0004', '2', '0', '0', 'adaasdasd', 'asdasdasdasd', '2023-08-18 06:30:56', '0', '1'),
	(1, 'test0002', '1', '0', '0', '하가다가라라자다아라랄', '거러러거아라랄\n가라가가가가', '2023-08-13 11:12:26', '0', '6'),
	(2, 'test0004', '2', '0', '0', 'adaasdasd', 'asdasdasdasd', '2023-08-18 06:30:56', '0', '1'),
	(1, 'test0002', '1', '0', '0', '하가다가라라자다아라랄', '거러러거아라랄\n가라가가가가', '2023-08-13 11:12:26', '0', '6'),
	(2, 'test0004', '2', '0', '0', 'adaasdasd', 'asdasdasdasd', '2023-08-18 06:30:56', '0', '1'),
	(1, 'test0002', '1', '0', '0', '하가다가라라자다아라랄', '거러러거아라랄\n가라가가가가', '2023-08-13 11:12:26', '0', '6'),
	(2, 'test0004', '2', '0', '0', 'adaasdasd', 'asdasdasdasd', '2023-08-18 06:30:56', '0', '1'),
	(1, 'test0002', '1', '0', '0', '하가다가라라자다아라랄', '거러러거아라랄\n가라가가가가', '2023-08-13 11:12:26', '0', '6'),
	(2, 'test0004', '2', '0', '0', 'adaasdasd', 'asdasdasdasd', '2023-08-18 06:30:56', '0', '1'),
	(1, 'test0002', '1', '0', '0', '하가다가라라자다아라랄', '거러러거아라랄\n가라가가가가', '2023-08-13 11:12:26', '0', '6'),
	(2, 'test0004', '2', '0', '0', 'adaasdasd', 'asdasdasdasd', '2023-08-18 06:30:56', '0', '1'),
	(1, 'test0002', '1', '0', '0', '하가다가라라자다아라랄', '거러러거아라랄\n가라가가가가', '2023-08-13 11:12:26', '0', '6'),
	(2, 'test0004', '2', '0', '0', 'adaasdasd', 'asdasdasdasd', '2023-08-18 06:30:56', '0', '1'),
	(1, 'test0002', '1', '0', '0', '하가다가라라자다아라랄', '거러러거아라랄\n가라가가가가', '2023-08-13 11:12:26', '0', '6'),
	(2, 'test0004', '2', '0', '0', 'adaasdasd', 'asdasdasdasd', '2023-08-18 06:30:56', '0', '1');
/*!40000 ALTER TABLE `bbs` ENABLE KEYS */;

-- 테이블 bbs.booking 구조 내보내기
CREATE TABLE IF NOT EXISTS `booking` (
  `id` bigint(20) unsigned NOT NULL AUTO_INCREMENT,
  `room_number` varchar(10) NOT NULL,
  `guest_name` varchar(100) NOT NULL,
  `check_in_date` date NOT NULL,
  `check_out_date` date NOT NULL,
  `arrival_time` time NOT NULL,
  `departure_time` time NOT NULL,
  `cost` int(11) NOT NULL,
  `created_at` timestamp NOT NULL DEFAULT current_timestamp(),
  PRIMARY KEY (`id`)
) ENGINE=InnoDB AUTO_INCREMENT=16 DEFAULT CHARSET=utf8mb4 COLLATE=utf8mb4_general_ci;

-- 테이블 데이터 bbs.booking:~15 rows (대략적) 내보내기
DELETE FROM `booking`;
/*!40000 ALTER TABLE `booking` DISABLE KEYS */;
INSERT INTO `booking` (`id`, `room_number`, `guest_name`, `check_in_date`, `check_out_date`, `arrival_time`, `departure_time`, `cost`, `created_at`) VALUES
	(1, '1-1', '홍길동', '2025-01-05', '2025-01-07', '15:30:00', '18:30:00', 200000, '2025-02-17 05:55:42'),
	(2, '1-1', 'Tom', '2025-01-05', '2025-01-10', '15:30:00', '18:30:00', 100000, '2025-02-17 05:55:42'),
	(3, '1-1', 'Alice', '2025-01-15', '2025-01-20', '14:00:00', '12:00:00', 300000, '2025-02-17 05:55:42'),
	(4, '1-1', 'Bob', '2025-02-01', '2025-02-05', '16:00:00', '11:00:00', 150000, '2025-02-17 05:55:42'),
	(5, '1-1', 'Eve', '2025-02-10', '2025-02-15', '17:00:00', '10:00:00', 250000, '2025-02-17 05:55:42'),
	(6, '1-2', '이고소', '2025-02-15', '2025-02-17', '15:30:00', '18:30:00', 200000, '2025-02-17 05:58:28'),
	(7, '1-2', 'Tom', '2025-01-05', '2025-01-10', '15:30:00', '18:30:00', 100000, '2025-02-17 05:58:28'),
	(8, '1-2', 'Alice', '2025-01-15', '2025-01-20', '14:00:00', '12:00:00', 300000, '2025-02-17 05:58:28'),
	(9, '1-2', 'Bob', '2025-02-01', '2025-02-05', '16:00:00', '11:00:00', 150000, '2025-02-17 05:58:28'),
	(10, '1-2', '정보람', '2025-02-10', '2025-02-15', '17:00:00', '10:00:00', 250000, '2025-02-17 05:58:28'),
	(11, '2-2', '홍길동', '2025-02-15', '2025-02-17', '15:30:00', '18:30:00', 200000, '2025-02-17 06:19:00'),
	(12, '2-2', 'Tom', '2025-02-26', '2025-02-27', '15:30:00', '18:30:00', 100000, '2025-02-17 06:19:00'),
	(13, '2-2', '찰스박', '2025-01-15', '2025-01-20', '14:00:00', '12:00:00', 300000, '2025-02-17 06:19:00'),
	(14, '2-2', 'Bob', '2025-02-11', '2025-02-12', '16:00:00', '11:00:00', 150000, '2025-02-17 06:19:00'),
	(15, '2-2', 'Eve', '2025-02-20', '2025-02-25', '17:00:00', '10:00:00', 250000, '2025-02-17 06:19:00');
/*!40000 ALTER TABLE `booking` ENABLE KEYS */;

-- 테이블 bbs.category 구조 내보내기
CREATE TABLE IF NOT EXISTS `category` (
  `category_id` bigint(20) NOT NULL AUTO_INCREMENT,
  `name` varchar(255) DEFAULT NULL,
  PRIMARY KEY (`category_id`),
  UNIQUE KEY `UK_46ccwnsi9409t36lurvtyljak` (`name`)
) ENGINE=InnoDB DEFAULT CHARSET=utf8mb4 COLLATE=utf8mb4_general_ci;

-- 테이블 데이터 bbs.category:~0 rows (대략적) 내보내기
DELETE FROM `category`;
/*!40000 ALTER TABLE `category` DISABLE KEYS */;
/*!40000 ALTER TABLE `category` ENABLE KEYS */;

-- 테이블 bbs.checkout 구조 내보내기
CREATE TABLE IF NOT EXISTS `checkout` (
  `checkout_id` bigint(20) NOT NULL AUTO_INCREMENT,
  `order_time` datetime(6) NOT NULL,
  `total` double NOT NULL,
  PRIMARY KEY (`checkout_id`)
) ENGINE=InnoDB DEFAULT CHARSET=utf8mb4 COLLATE=utf8mb4_general_ci;

-- 테이블 데이터 bbs.checkout:~0 rows (대략적) 내보내기
DELETE FROM `checkout`;
/*!40000 ALTER TABLE `checkout` DISABLE KEYS */;
/*!40000 ALTER TABLE `checkout` ENABLE KEYS */;

-- 테이블 bbs.checkout_item 구조 내보내기
CREATE TABLE IF NOT EXISTS `checkout_item` (
  `checkout_id` bigint(20) NOT NULL,
  `item_id` bigint(20) NOT NULL,
  PRIMARY KEY (`checkout_id`,`item_id`),
  KEY `FKat68ma4h5ubdy4js0u99ftjec` (`item_id`),
  CONSTRAINT `FK3s3vgaf23cmakh2w8bn7y6st3` FOREIGN KEY (`checkout_id`) REFERENCES `checkout` (`checkout_id`),
  CONSTRAINT `FKat68ma4h5ubdy4js0u99ftjec` FOREIGN KEY (`item_id`) REFERENCES `item` (`item_id`)
) ENGINE=InnoDB DEFAULT CHARSET=utf8mb4 COLLATE=utf8mb4_general_ci;

-- 테이블 데이터 bbs.checkout_item:~0 rows (대략적) 내보내기
DELETE FROM `checkout_item`;
/*!40000 ALTER TABLE `checkout_item` DISABLE KEYS */;
/*!40000 ALTER TABLE `checkout_item` ENABLE KEYS */;

-- 테이블 bbs.comment 구조 내보내기
CREATE TABLE IF NOT EXISTS `comment` (
  `seq` int(11) NOT NULL AUTO_INCREMENT,
  `id` varchar(50) DEFAULT NULL,
  `content` varchar(50) DEFAULT NULL,
  `bbs_seq` varchar(50) DEFAULT NULL,
  `created_at` varchar(50) DEFAULT NULL,
  `del` varchar(50) DEFAULT NULL,
  KEY `인덱스 1` (`seq`)
) ENGINE=InnoDB AUTO_INCREMENT=3 DEFAULT CHARSET=utf8mb4 COLLATE=utf8mb4_general_ci;

-- 테이블 데이터 bbs.comment:~18 rows (대략적) 내보내기
DELETE FROM `comment`;
/*!40000 ALTER TABLE `comment` DISABLE KEYS */;
INSERT INTO `comment` (`seq`, `id`, `content`, `bbs_seq`, `created_at`, `del`) VALUES
	(1, 'test0003', '한글 테스트 입니다.', '1', '2023-08-13 15:24:59', '0'),
	(2, 'string', 'asdasdasd\nㅁㄴㅇㅁㄴㅇㅁㅇㅁㄴㅇ', '1', '2023-12-20 16:04:50', '0'),
	(1, 'test0003', '한글 테스트 입니다.', '1', '2023-08-13 15:24:59', '0'),
	(2, 'string', 'asdasdasd\nㅁㄴㅇㅁㄴㅇㅁㅇㅁㄴㅇ', '1', '2023-12-20 16:04:50', '0'),
	(1, 'test0003', '한글 테스트 입니다.', '1', '2023-08-13 15:24:59', '0'),
	(2, 'string', 'asdasdasd\nㅁㄴㅇㅁㄴㅇㅁㅇㅁㄴㅇ', '1', '2023-12-20 16:04:50', '0'),
	(1, 'test0003', '한글 테스트 입니다.', '1', '2023-08-13 15:24:59', '0'),
	(2, 'string', 'asdasdasd\nㅁㄴㅇㅁㄴㅇㅁㅇㅁㄴㅇ', '1', '2023-12-20 16:04:50', '0'),
	(1, 'test0003', '한글 테스트 입니다.', '1', '2023-08-13 15:24:59', '0'),
	(2, 'string', 'asdasdasd\nㅁㄴㅇㅁㄴㅇㅁㅇㅁㄴㅇ', '1', '2023-12-20 16:04:50', '0'),
	(1, 'test0003', '한글 테스트 입니다.', '1', '2023-08-13 15:24:59', '0'),
	(2, 'string', 'asdasdasd\nㅁㄴㅇㅁㄴㅇㅁㅇㅁㄴㅇ', '1', '2023-12-20 16:04:50', '0'),
	(1, 'test0003', '한글 테스트 입니다.', '1', '2023-08-13 15:24:59', '0'),
	(2, 'string', 'asdasdasd\nㅁㄴㅇㅁㄴㅇㅁㅇㅁㄴㅇ', '1', '2023-12-20 16:04:50', '0'),
	(1, 'test0003', '한글 테스트 입니다.', '1', '2023-08-13 15:24:59', '0'),
	(2, 'string', 'asdasdasd\nㅁㄴㅇㅁㄴㅇㅁㅇㅁㄴㅇ', '1', '2023-12-20 16:04:50', '0'),
	(1, 'test0003', '한글 테스트 입니다.', '1', '2023-08-13 15:24:59', '0'),
	(2, 'string', 'asdasdasd\nㅁㄴㅇㅁㄴㅇㅁㅇㅁㄴㅇ', '1', '2023-12-20 16:04:50', '0');
/*!40000 ALTER TABLE `comment` ENABLE KEYS */;

-- 테이블 bbs.dates 구조 내보내기
CREATE TABLE IF NOT EXISTS `dates` (
  `date_id` int(11) NOT NULL AUTO_INCREMENT,
  `date` date NOT NULL,
  PRIMARY KEY (`date_id`)
) ENGINE=InnoDB AUTO_INCREMENT=70 DEFAULT CHARSET=latin1 COLLATE=latin1_swedish_ci;

-- 테이블 데이터 bbs.dates:~69 rows (대략적) 내보내기
DELETE FROM `dates`;
/*!40000 ALTER TABLE `dates` DISABLE KEYS */;
INSERT INTO `dates` (`date_id`, `date`) VALUES
	(1, '2025-01-02'),
	(2, '2025-01-03'),
	(3, '2025-01-04'),
	(4, '2025-01-05'),
	(5, '2025-01-06'),
	(6, '2025-02-04'),
	(7, '2025-02-13'),
	(8, '2025-02-13'),
	(9, '2025-02-11'),
	(10, '2025-02-11'),
	(11, '2025-02-11'),
	(12, '2025-02-11'),
	(13, '2025-02-12'),
	(14, '2025-02-12'),
	(15, '2025-02-13'),
	(16, '2025-02-13'),
	(17, '2025-01-02'),
	(18, '2025-02-04'),
	(19, '2025-02-04'),
	(20, '2025-02-04'),
	(21, '2025-02-04'),
	(22, '2025-02-04'),
	(23, '2025-02-04'),
	(24, '2025-02-04'),
	(25, '2025-02-04'),
	(26, '2025-02-03'),
	(27, '2025-02-03'),
	(28, '2025-02-03'),
	(29, '2025-02-03'),
	(30, '2025-02-03'),
	(31, '2025-02-03'),
	(32, '2025-02-03'),
	(33, '2025-02-03'),
	(34, '2025-02-03'),
	(35, '2025-02-04'),
	(36, '2025-02-03'),
	(37, '2025-02-04'),
	(38, '2025-02-03'),
	(39, '2025-02-03'),
	(40, '2025-02-04'),
	(41, '2025-02-04'),
	(42, '2025-02-12'),
	(43, '2025-02-04'),
	(44, '2025-02-04'),
	(45, '2025-02-04'),
	(46, '2025-02-05'),
	(47, '2025-02-05'),
	(48, '2025-02-06'),
	(49, '2025-02-06'),
	(50, '2025-02-04'),
	(51, '2025-02-05'),
	(52, '2025-02-11'),
	(53, '2025-02-12'),
	(54, '2025-02-11'),
	(55, '2025-02-12'),
	(56, '2025-02-13'),
	(57, '2025-02-11'),
	(58, '2025-02-12'),
	(59, '2025-02-14'),
	(60, '2025-02-07'),
	(61, '2025-02-14'),
	(62, '2025-03-12'),
	(63, '2025-04-08'),
	(64, '2025-04-09'),
	(65, '2025-04-16'),
	(66, '2025-04-09'),
	(67, '2025-04-09'),
	(68, '2025-04-10'),
	(69, '2025-04-08');
/*!40000 ALTER TABLE `dates` ENABLE KEYS */;

-- 테이블 bbs.departments 구조 내보내기
CREATE TABLE IF NOT EXISTS `departments` (
  `id` char(36) NOT NULL DEFAULT uuid(),
  `tp_cd` varchar(20) NOT NULL,
  `tp_nm` varchar(100) NOT NULL,
  `desc_cntn` text DEFAULT NULL,
  `use_yn` char(1) DEFAULT 'Y',
  `created_at` date DEFAULT curdate(),
  `view` longtext CHARACTER SET utf8mb4 COLLATE utf8mb4_bin DEFAULT NULL CHECK (json_valid(`view`)),
  `row_key` int(11) NOT NULL AUTO_INCREMENT,
  PRIMARY KEY (`id`),
  UNIQUE KEY `row_key` (`row_key`)
) ENGINE=InnoDB AUTO_INCREMENT=3953 DEFAULT CHARSET=utf8mb4 COLLATE=utf8mb4_general_ci;

-- 테이블 데이터 bbs.departments:~52 rows (대략적) 내보내기
DELETE FROM `departments`;
/*!40000 ALTER TABLE `departments` DISABLE KEYS */;
INSERT INTO `departments` (`id`, `tp_cd`, `tp_nm`, `desc_cntn`, `use_yn`, `created_at`, `view`, `row_key`) VALUES
	('1b7c2a25-0918-11f0-a063-0c9a3ce197c1', 'CODE-1009', 'Unit', 'Measurement Unit', 'Y', '2025-03-25', NULL, 3908),
	('1b7c2a95-0918-11f0-a063-0c9a3ce197c1', 'CODE-1013', 'Grade', 'Grade Level', 'Y', '2025-03-25', NULL, 3904),
	('1b7c2ab1-0918-11f0-a063-0c9a3ce197c1', 'CODE-1014', 'Industry', 'Industry Type', 'Y', '2025-03-25', NULL, 3903),
	('1b7c2acb-0918-11f0-a063-0c9a3ce197c1', 'CODE-1015', 'ContractType', 'Type of Contract', 'Y', '2025-03-25', NULL, 3902),
	('1b7c2aed-0918-11f0-a063-0c9a3ce197c1', 'CODE-1016', 'EmploymentType', 'Employment Type', 'Y', '2025-03-25', NULL, 3901),
	('1b7c2b09-0918-11f0-a063-0c9a3ce197c1', 'CODE-1017', 'LeaveType', 'Leave Type', 'Y', '2025-03-25', NULL, 3900),
	('1b7c2b26-0918-11f0-a063-0c9a3ce197c1', 'CODE-1018', 'DocumentType', 'Document Type Code', 'Y', '2025-03-25', NULL, 3899),
	('1b7c2b43-0918-11f0-a063-0c9a3ce197c1', 'CODE-1019', 'MaritalStatus', 'Marital Status', 'Y', '2025-03-25', NULL, 3898),
	('1b7c2b5f-0918-11f0-a063-0c9a3ce197c1', 'CODE-1020', 'EducationLevel', 'Education Level', 'Y', '2025-03-25', NULL, 3897),
	('1b7c2b7a-0918-11f0-a063-0c9a3ce197c1', 'CODE-1021', 'ProjectType', 'Type of Project', 'Y', '2025-03-25', NULL, 3896),
	('1b7c2b95-0918-11f0-a063-0c9a3ce197c1', 'CODE-1022', 'RiskLevel', 'Risk Assessment Level', 'Y', '2025-03-25', NULL, 3895),
	('1b7c2bc6-0918-11f0-a063-0c9a3ce197c1', 'CODE-1023', 'Priority', 'Task Priority Code', 'Y', '2025-03-25', NULL, 3894),
	('1b7c2be3-0918-11f0-a063-0c9a3ce197c1', 'CODE-1024', 'ApprovalStatus', 'Approval Status Code', 'Y', '2025-03-25', NULL, 3893),
	('1b7c2c0b-0918-11f0-a063-0c9a3ce197c1', 'CODE-1025', 'AlertType', 'Alert or Notification Type', 'Y', '2025-03-25', NULL, 3892),
	('1b7c2c25-0918-11f0-a063-0c9a3ce197c1', 'CODE-1026', 'ItemType', 'Item Type Code', 'Y', '2025-03-25', NULL, 3891),
	('1b7c2c42-0918-11f0-a063-0c9a3ce197c1', 'CODE-1027', 'WorkType', 'Work Type Code', 'Y', '2025-03-25', NULL, 3890),
	('1b7c2c5d-0918-11f0-a063-0c9a3ce197c1', 'CODE-1028', 'Shift', 'Work Shift Code', 'Y', '2025-03-25', NULL, 3889),
	('1b7c2c77-0918-11f0-a063-0c9a3ce197c1', 'CODE-1029', 'PaymentType', 'Payment Method Code', 'Y', '2025-03-25', NULL, 3888),
	('1b7c2c92-0918-11f0-a063-0c9a3ce197c1', 'CODE-1030', 'TaxType', 'Tax Type Code', 'Y', '2025-03-25', NULL, 3887),
	('1b7c2cac-0918-11f0-a063-0c9a3ce197c1', 'CODE-1031', 'BenefitType', 'Employee Benefit Type', 'Y', '2025-03-25', NULL, 3886),
	('1b7c2cc5-0918-11f0-a063-0c9a3ce197c1', 'CODE-1032', 'VehicleType', 'Vehicle Classification Code', 'Y', '2025-03-25', NULL, 3885),
	('1b7c2cdf-0918-11f0-a063-0c9a3ce197c1', 'CODE-1033', 'AssetType', 'Asset Category Code', 'Y', '2025-03-25', NULL, 3884),
	('1b7c2cf8-0918-11f0-a063-0c9a3ce197c1', 'CODE-1034', 'MaintenanceType', 'Maintenance Category', 'Y', '2025-03-25', NULL, 3883),
	('1b7c2d13-0918-11f0-a063-0c9a3ce197c1', 'CODE-1035', 'IncidentType', 'Incident Classification', 'Y', '2025-03-25', NULL, 3882),
	('1b7c2d2c-0918-11f0-a063-0c9a3ce197c1', 'CODE-1036', 'ExpenseType', 'Expense Code', 'Y', '2025-03-25', NULL, 3881),
	('1b7c2d47-0918-11f0-a063-0c9a3ce197c1', 'CODE-1037', 'RequestType', 'Request Category Code', 'Y', '2025-03-25', NULL, 3880),
	('1b7c2d60-0918-11f0-a063-0c9a3ce197c1', 'CODE-1038', 'ServiceType', 'Service Type Code', 'Y', '2025-03-25', NULL, 3879),
	('1b7c2d7a-0918-11f0-a063-0c9a3ce197c1', 'CODE-1039', 'LocationType', 'Location Category', 'Y', '2025-03-25', NULL, 3878),
	('1b7c2d94-0918-11f0-a063-0c9a3ce197c1', 'CODE-1040', 'EventType', 'Event Classification', 'Y', '2025-03-25', NULL, 3877),
	('1b7c2db0-0918-11f0-a063-0c9a3ce197c1', 'CODE-1041', 'NotificationType', 'Notification Category', 'Y', '2025-03-25', NULL, 3876),
	('1b7c2ddb-0918-11f0-a063-0c9a3ce197c1', 'CODE-1042', 'StorageType', 'Storage Code', 'Y', '2025-03-25', NULL, 3875),
	('1b7c2df5-0918-11f0-a063-0c9a3ce197c1', 'CODE-1043', 'LicenseType', 'License Classification', 'Y', '2025-03-25', NULL, 3874),
	('1b7c2e10-0918-11f0-a063-0c9a3ce197c1', 'CODE-1044', 'AccessLevel', 'System Access Code', 'Y', '2025-03-25', NULL, 3873),
	('1b7c2e29-0918-11f0-a063-0c9a3ce197c1', 'CODE-1045', 'ReturnReason', 'Reason for Return', 'Y', '2025-03-25', NULL, 3872),
	('1b7c2e43-0918-11f0-a063-0c9a3ce197c1', 'CODE-1046', 'RejectionReason', 'Reason for Rejection', 'Y', '2025-03-25', NULL, 3871),
	('1b7c2e5d-0918-11f0-a063-0c9a3ce197c1', 'CODE-1047', 'FeedbackType', 'Feedback Category Code', 'Y', '2025-03-25', NULL, 3870),
	('1b7c2e78-0918-11f0-a063-0c9a3ce197c1', 'CODE-1048', 'TrainingType', 'Training Classification', 'Y', '2025-03-25', NULL, 3869),
	('1b7c2e93-0918-11f0-a063-0c9a3ce197c1', 'CODE-1049', 'TerminationReason', 'Employment Termination Reason', 'Y', '2025-03-25', NULL, 3868),
	('1b7c2eb3-0918-11f0-a063-0c9a3ce197c1', 'CODE-1050', 'RewardType', 'Employee Reward Category', 'Y', '2025-03-25', NULL, 3867),
	('1cd00818-fede-4071-9092-326c5d2e7dc1', 'DPT-1003', 'Marketing', 'Alice Johnson', 'Y', '2025-03-25', NULL, 3866),
	('315191b5-f257-4455-b6ab-c70be9d018e7', 'DPT-1007', 'Customer Service', 'Bob Smith', 'Y', '2025-03-25', NULL, 3865),
	('5ae7b721-5b39-465a-af08-e23b151562ba', 'CITY-1006', '화성111', '빠르게 성장하는 도시1111', 'Y', '2025-03-25', NULL, 3864),
	('5e7dacc4-a9d6-49c6-afba-f41f89d52931', 'DPT-1001', 'Operations', 'Fiona Brown', 'Y', '2025-03-25', NULL, 3863),
	('65beddce-9bcc-45f8-941e-2c4303d8a73b', 'DPT-1005', 'Human Resources', 'Diana Garcia', 'Y', '2025-03-25', NULL, 3862),
	('6eze2WGJvE', 'ㅁㄴㅇ', 'ㅁㄴㅇㅁ', 'ㅇㅁㄴㅇㅁㄴㅇ', 'Y', '2025-03-27', NULL, 3952),
	('872e4910-3e5a-4f50-8261-fb5361a620d4', 'DPT-1009', 'R&D', 'Hannah Lee', 'Y', '2025-03-25', NULL, 3861),
	('92ba1bb3-2555-41f4-b6e1-c1cbf7591271', 'DPT-1002', 'Finance', 'Jasmine Lewis', 'Y', '2025-03-25', NULL, 3860),
	('a808d647-affb-45a8-8eb7-722913b963ed', 'CITY-1004', '용인', '에버랜드 테마파크가 있는 도시', 'Y', '2025-03-25', NULL, 3859),
	('b3a97a52-e73c-4341-b359-da5f8252b8f3', 'DPT-1006', 'Sales', 'Ethan Martinez', 'Y', '2025-03-25', NULL, 3858),
	('e7c8ecbd-a20c-44fa-8a5a-251755200976', 'DPT-1004', 'IT', 'George Wilson', 'Y', '2025-03-25', NULL, 3857),
	('f7db73bc-08a6-4d1e-8a81-945ab49b485d', 'DPT-1008', 'Legal', 'Charlie Davis', 'Y', '2025-03-25', NULL, 3856),
	('fa23efa7-3f47-4e04-90c7-678842ece210', 'CITY-1003', '고양', '일산 호수공원으로 유명한 도시', 'Y', '2025-03-25', NULL, 3855);
/*!40000 ALTER TABLE `departments` ENABLE KEYS */;

-- 테이블 bbs.department_attributes 구조 내보내기
CREATE TABLE IF NOT EXISTS `department_attributes` (
  `row_key` int(11) NOT NULL,
  `row_num` int(11) DEFAULT NULL,
  `checked` tinyint(1) DEFAULT 0,
  `disabled` tinyint(1) DEFAULT 0,
  `check_disabled` tinyint(1) DEFAULT 0,
  `class_name_row` longtext CHARACTER SET utf8mb4 COLLATE utf8mb4_bin DEFAULT NULL CHECK (json_valid(`class_name_row`)),
  `class_name_col` longtext CHARACTER SET utf8mb4 COLLATE utf8mb4_bin DEFAULT NULL CHECK (json_valid(`class_name_col`)),
  PRIMARY KEY (`row_key`)
) ENGINE=InnoDB DEFAULT CHARSET=utf8mb4 COLLATE=utf8mb4_general_ci;

-- 테이블 데이터 bbs.department_attributes:~929 rows (대략적) 내보내기
DELETE FROM `department_attributes`;
/*!40000 ALTER TABLE `department_attributes` DISABLE KEYS */;
INSERT INTO `department_attributes` (`row_key`, `row_num`, `checked`, `disabled`, `check_disabled`, `class_name_row`, `class_name_col`) VALUES
	(1, 2, 0, 0, 0, '[]', '{}'),
	(2, 16, 0, 0, 0, '[]', '{}'),
	(3, 11, 0, 0, 0, '[]', '{}'),
	(4, 12, 0, 0, 0, '[]', '{}'),
	(5, 5, 0, 0, 0, '[]', '{}'),
	(21, 9, 1, 0, 1, '[]', '{}'),
	(22, 3, 0, 0, 1, '[]', '{}'),
	(23, 14, 0, 0, 0, '[]', '{}'),
	(24, 7, 0, 0, 0, '[]', '{}'),
	(25, 13, 0, 0, 0, '[]', '{}'),
	(26, 4, 0, 0, 0, '[]', '{}'),
	(27, 15, 0, 0, 0, '[]', '{}'),
	(28, 8, 0, 0, 0, '[]', '{}'),
	(29, 10, 0, 0, 0, '[]', '{}'),
	(30, 6, 0, 0, 0, '[]', '{}'),
	(31, 17, 0, 0, 0, '[]', '{}'),
	(32, 1, 0, 0, 0, '[]', '{}'),
	(49, 2, 0, 0, 0, '[]', '{}'),
	(50, 3, 0, 0, 0, '[]', '{}'),
	(51, 5, 0, 0, 0, '[]', '{}'),
	(52, 6, 0, 0, 0, '[]', '{}'),
	(53, 7, 0, 0, 0, '[]', '{}'),
	(54, 8, 0, 0, 0, '[]', '{}'),
	(55, 9, 0, 0, 0, '[]', '{}'),
	(56, 10, 0, 0, 0, '[]', '{}'),
	(57, 11, 0, 0, 0, '[]', '{}'),
	(58, 12, 0, 0, 0, '[]', '{}'),
	(59, 13, 0, 0, 0, '[]', '{}'),
	(60, 14, 0, 0, 0, '[]', '{}'),
	(61, 15, 0, 0, 0, '[]', '{}'),
	(62, 16, 0, 0, 0, '[]', '{}'),
	(63, 17, 0, 0, 0, '[]', '{}'),
	(65, 2, 0, 0, 0, '[]', '{}'),
	(66, 3, 0, 0, 0, '[]', '{}'),
	(67, 4, 0, 0, 0, '[]', '{}'),
	(68, 53, 0, 0, 0, '[]', '{}'),
	(69, 5, 0, 0, 0, '[]', '{}'),
	(70, 6, 0, 0, 0, '[]', '{}'),
	(71, 7, 0, 0, 0, '[]', '{}'),
	(72, 8, 0, 0, 0, '[]', '{}'),
	(73, 9, 0, 0, 0, '[]', '{}'),
	(74, 10, 0, 0, 0, '[]', '{}'),
	(75, 11, 0, 0, 0, '[]', '{}'),
	(76, 11, 0, 0, 0, '[]', '{}'),
	(77, 12, 0, 0, 0, '[]', '{}'),
	(78, 13, 0, 0, 0, '[]', '{}'),
	(79, 14, 0, 0, 0, '[]', '{}'),
	(95, 51, 0, 0, 0, '[]', '{}'),
	(96, 52, 0, 0, 0, '[]', '{}'),
	(97, 54, 0, 0, 0, '[]', '{}'),
	(98, 55, 0, 0, 0, '[]', '{}'),
	(99, 56, 0, 0, 0, '[]', '{}'),
	(100, 57, 0, 0, 0, '[]', '{}'),
	(102, 58, 0, 0, 0, '[]', '{}'),
	(103, 59, 0, 0, 0, '[]', '{}'),
	(104, 60, 0, 0, 0, '[]', '{}'),
	(105, 61, 0, 0, 0, '[]', '{}'),
	(106, 62, 0, 0, 0, '[]', '{}'),
	(1001, 1, 0, 0, 0, '[]', '{}'),
	(1002, 2, 0, 0, 0, '[]', '{}'),
	(1003, 3, 0, 0, 0, '[]', '{}'),
	(1004, 4, 0, 0, 0, '[]', '{}'),
	(1005, 5, 0, 0, 0, '[]', '{}'),
	(1006, 6, 0, 0, 0, '[]', '{}'),
	(1007, 7, 0, 0, 0, '[]', '{}'),
	(1008, 8, 0, 0, 0, '[]', '{}'),
	(1009, 9, 0, 0, 0, '[]', '{}'),
	(1010, 10, 0, 0, 0, '[]', '{}'),
	(1011, 11, 0, 0, 0, '[]', '{}'),
	(1012, 12, 0, 0, 0, '[]', '{}'),
	(1013, 13, 0, 0, 0, '[]', '{}'),
	(1014, 14, 0, 0, 0, '[]', '{}'),
	(1015, 15, 0, 0, 0, '[]', '{}'),
	(1016, 16, 0, 0, 0, '[]', '{}'),
	(1017, 17, 0, 0, 0, '[]', '{}'),
	(1018, 18, 0, 0, 0, '[]', '{}'),
	(1019, 19, 0, 0, 0, '[]', '{}'),
	(1020, 20, 0, 0, 0, '[]', '{}'),
	(1021, 21, 0, 0, 0, '[]', '{}'),
	(1022, 22, 0, 0, 0, '[]', '{}'),
	(1023, 23, 0, 0, 0, '[]', '{}'),
	(1024, 24, 0, 0, 0, '[]', '{}'),
	(1025, 25, 0, 0, 0, '[]', '{}'),
	(1026, 26, 0, 0, 0, '[]', '{}'),
	(1027, 27, 0, 0, 0, '[]', '{}'),
	(1028, 28, 0, 0, 0, '[]', '{}'),
	(1029, 29, 0, 0, 0, '[]', '{}'),
	(1030, 30, 0, 0, 0, '[]', '{}'),
	(1031, 31, 0, 0, 0, '[]', '{}'),
	(1032, 32, 0, 0, 0, '[]', '{}'),
	(1033, 33, 0, 0, 0, '[]', '{}'),
	(1034, 34, 0, 0, 0, '[]', '{}'),
	(1035, 35, 0, 0, 0, '[]', '{}'),
	(1036, 36, 0, 0, 0, '[]', '{}'),
	(1037, 37, 0, 0, 0, '[]', '{}'),
	(1038, 38, 0, 0, 0, '[]', '{}'),
	(1039, 39, 0, 0, 0, '[]', '{}'),
	(1040, 40, 0, 0, 0, '[]', '{}'),
	(1041, 41, 0, 0, 0, '[]', '{}'),
	(1042, 42, 0, 0, 0, '[]', '{}'),
	(1043, 43, 0, 0, 0, '[]', '{}'),
	(1044, 44, 0, 0, 0, '[]', '{}'),
	(1045, 45, 0, 0, 0, '[]', '{}'),
	(1046, 46, 0, 0, 0, '[]', '{}'),
	(1047, 47, 0, 0, 0, '[]', '{}'),
	(1048, 48, 0, 0, 0, '[]', '{}'),
	(1049, 49, 0, 0, 0, '[]', '{}'),
	(1050, 50, 0, 0, 0, '[]', '{}'),
	(1052, 2, 0, 0, 0, '[]', '{}'),
	(1053, 3, 0, 0, 0, '[]', '{}'),
	(1054, 4, 0, 0, 0, '[]', '{}'),
	(1055, 5, 0, 0, 0, '[]', '{}'),
	(1056, 6, 0, 0, 0, '[]', '{}'),
	(1057, 7, 0, 0, 0, '[]', '{}'),
	(1058, 8, 0, 0, 0, '[]', '{}'),
	(1059, 9, 0, 0, 0, '[]', '{}'),
	(1060, 10, 0, 0, 0, '[]', '{}'),
	(1061, 11, 0, 0, 0, '[]', '{}'),
	(1062, 12, 0, 0, 0, '[]', '{}'),
	(1063, 13, 0, 0, 0, '[]', '{}'),
	(1064, 14, 0, 0, 0, '[]', '{}'),
	(1065, 15, 0, 0, 0, '[]', '{}'),
	(1066, 16, 0, 0, 0, '[]', '{}'),
	(1067, 17, 0, 0, 0, '[]', '{}'),
	(1068, 18, 0, 0, 0, '[]', '{}'),
	(1069, 19, 0, 0, 0, '[]', '{}'),
	(1070, 20, 0, 0, 0, '[]', '{}'),
	(1071, 21, 0, 0, 0, '[]', '{}'),
	(1072, 22, 0, 0, 0, '[]', '{}'),
	(1073, 23, 0, 0, 0, '[]', '{}'),
	(1074, 24, 0, 0, 0, '[]', '{}'),
	(1075, 25, 0, 0, 0, '[]', '{}'),
	(1076, 26, 0, 0, 0, '[]', '{}'),
	(1077, 27, 0, 0, 0, '[]', '{}'),
	(1078, 28, 0, 0, 0, '[]', '{}'),
	(1079, 29, 0, 0, 0, '[]', '{}'),
	(1080, 30, 0, 0, 0, '[]', '{}'),
	(1081, 31, 0, 0, 0, '[]', '{}'),
	(1082, 32, 0, 0, 0, '[]', '{}'),
	(1083, 33, 0, 0, 0, '[]', '{}'),
	(1084, 34, 0, 0, 0, '[]', '{}'),
	(1085, 35, 0, 0, 0, '[]', '{}'),
	(1086, 36, 0, 0, 0, '[]', '{}'),
	(1087, 37, 0, 0, 0, '[]', '{}'),
	(1088, 38, 0, 0, 0, '[]', '{}'),
	(1089, 39, 0, 0, 0, '[]', '{}'),
	(1090, 40, 0, 0, 0, '[]', '{}'),
	(1091, 41, 0, 0, 0, '[]', '{}'),
	(1092, 42, 0, 0, 0, '[]', '{}'),
	(1093, 43, 0, 0, 0, '[]', '{}'),
	(1094, 44, 0, 0, 0, '[]', '{}'),
	(1095, 45, 0, 0, 0, '[]', '{}'),
	(1096, 46, 0, 0, 0, '[]', '{}'),
	(1097, 47, 0, 0, 0, '[]', '{}'),
	(1098, 48, 0, 0, 0, '[]', '{}'),
	(1099, 49, 0, 0, 0, '[]', '{}'),
	(1100, 50, 0, 0, 0, '[]', '{}'),
	(1101, 51, 0, 0, 0, '[]', '{}'),
	(1102, 52, 0, 0, 0, '[]', '{}'),
	(1103, 53, 0, 0, 0, '[]', '{}'),
	(1104, 54, 0, 0, 0, '[]', '{}'),
	(1105, 55, 0, 0, 0, '[]', '{}'),
	(1106, 56, 0, 0, 0, '[]', '{}'),
	(1107, 57, 0, 0, 0, '[]', '{}'),
	(1108, 58, 0, 0, 0, '[]', '{}'),
	(1109, 59, 0, 0, 0, '[]', '{}'),
	(1110, 60, 0, 0, 0, '[]', '{}'),
	(1111, 61, 0, 0, 0, '[]', '{}'),
	(1112, 62, 0, 0, 0, '[]', '{}'),
	(1113, 63, 0, 0, 0, '[]', '{}'),
	(1242, 2, 0, 0, 0, '[]', '{}'),
	(1243, 3, 0, 0, 0, '[]', '{}'),
	(1244, 4, 0, 0, 0, '[]', '{}'),
	(1245, 5, 0, 0, 0, '[]', '{}'),
	(1246, 6, 0, 0, 0, '[]', '{}'),
	(1247, 7, 0, 0, 0, '[]', '{}'),
	(1248, 8, 0, 0, 0, '[]', '{}'),
	(1249, 9, 0, 0, 0, '[]', '{}'),
	(1250, 10, 0, 0, 0, '[]', '{}'),
	(1251, 11, 0, 0, 0, '[]', '{}'),
	(1252, 12, 0, 0, 0, '[]', '{}'),
	(1253, 13, 0, 0, 0, '[]', '{}'),
	(1254, 14, 0, 0, 0, '[]', '{}'),
	(1255, 15, 0, 0, 0, '[]', '{}'),
	(1256, 16, 0, 0, 0, '[]', '{}'),
	(1257, 17, 0, 0, 0, '[]', '{}'),
	(1258, 18, 0, 0, 0, '[]', '{}'),
	(1259, 19, 0, 0, 0, '[]', '{}'),
	(1260, 20, 0, 0, 0, '[]', '{}'),
	(1261, 21, 0, 0, 0, '[]', '{}'),
	(1262, 22, 0, 0, 0, '[]', '{}'),
	(1263, 23, 0, 0, 0, '[]', '{}'),
	(1264, 24, 0, 0, 0, '[]', '{}'),
	(1265, 25, 0, 0, 0, '[]', '{}'),
	(1266, 26, 0, 0, 0, '[]', '{}'),
	(1267, 27, 0, 0, 0, '[]', '{}'),
	(1268, 28, 0, 0, 0, '[]', '{}'),
	(1269, 29, 0, 0, 0, '[]', '{}'),
	(1270, 30, 0, 0, 0, '[]', '{}'),
	(1271, 31, 0, 0, 0, '[]', '{}'),
	(1272, 32, 0, 0, 0, '[]', '{}'),
	(1273, 33, 0, 0, 0, '[]', '{}'),
	(1274, 34, 0, 0, 0, '[]', '{}'),
	(1275, 35, 0, 0, 0, '[]', '{}'),
	(1276, 36, 0, 0, 0, '[]', '{}'),
	(1277, 37, 0, 0, 0, '[]', '{}'),
	(1278, 38, 0, 0, 0, '[]', '{}'),
	(1279, 39, 0, 0, 0, '[]', '{}'),
	(1280, 40, 0, 0, 0, '[]', '{}'),
	(1281, 41, 0, 0, 0, '[]', '{}'),
	(1282, 42, 0, 0, 0, '[]', '{}'),
	(1283, 43, 0, 0, 0, '[]', '{}'),
	(1284, 44, 0, 0, 0, '[]', '{}'),
	(1285, 45, 0, 0, 0, '[]', '{}'),
	(1286, 46, 0, 0, 0, '[]', '{}'),
	(1287, 47, 0, 0, 0, '[]', '{}'),
	(1288, 48, 0, 0, 0, '[]', '{}'),
	(1289, 49, 0, 0, 0, '[]', '{}'),
	(1290, 50, 0, 0, 0, '[]', '{}'),
	(1291, 51, 0, 0, 0, '[]', '{}'),
	(1292, 52, 0, 0, 0, '[]', '{}'),
	(1293, 53, 0, 0, 0, '[]', '{}'),
	(1294, 54, 0, 0, 0, '[]', '{}'),
	(1295, 55, 0, 0, 0, '[]', '{}'),
	(1296, 56, 0, 0, 0, '[]', '{}'),
	(1297, 57, 0, 0, 0, '[]', '{}'),
	(1298, 58, 0, 0, 0, '[]', '{}'),
	(1299, 59, 0, 0, 0, '[]', '{}'),
	(1300, 60, 0, 0, 0, '[]', '{}'),
	(1301, 61, 0, 0, 0, '[]', '{}'),
	(1302, 63, 0, 0, 0, '[]', '{}'),
	(1303, 64, 0, 0, 0, '[]', '{}'),
	(1304, 58, 0, 0, 0, '[]', '{}'),
	(1305, 3, 0, 0, 0, '[]', '{}'),
	(1306, 4, 0, 0, 0, '[]', '{}'),
	(1307, 5, 0, 0, 0, '[]', '{}'),
	(1308, 6, 0, 0, 0, '[]', '{}'),
	(1309, 7, 0, 0, 0, '[]', '{}'),
	(1310, 8, 0, 0, 0, '[]', '{}'),
	(1311, 9, 0, 0, 0, '[]', '{}'),
	(1312, 10, 0, 0, 0, '[]', '{}'),
	(1313, 11, 0, 0, 0, '[]', '{}'),
	(1314, 12, 0, 0, 0, '[]', '{}'),
	(1315, 13, 0, 0, 0, '[]', '{}'),
	(1316, 14, 0, 0, 0, '[]', '{}'),
	(1317, 15, 0, 0, 0, '[]', '{}'),
	(1318, 16, 0, 0, 0, '[]', '{}'),
	(1319, 17, 0, 0, 0, '[]', '{}'),
	(1320, 18, 0, 0, 0, '[]', '{}'),
	(1321, 19, 0, 0, 0, '[]', '{}'),
	(1322, 20, 0, 0, 0, '[]', '{}'),
	(1323, 21, 0, 0, 0, '[]', '{}'),
	(1324, 22, 0, 0, 0, '[]', '{}'),
	(1325, 23, 0, 0, 0, '[]', '{}'),
	(1326, 24, 0, 0, 0, '[]', '{}'),
	(1327, 25, 0, 0, 0, '[]', '{}'),
	(1328, 26, 0, 0, 0, '[]', '{}'),
	(1329, 27, 0, 0, 0, '[]', '{}'),
	(1330, 28, 0, 0, 0, '[]', '{}'),
	(1331, 29, 0, 0, 0, '[]', '{}'),
	(1332, 30, 0, 0, 0, '[]', '{}'),
	(1333, 31, 0, 0, 0, '[]', '{}'),
	(1334, 32, 0, 0, 0, '[]', '{}'),
	(1335, 33, 0, 0, 0, '[]', '{}'),
	(1336, 34, 0, 0, 0, '[]', '{}'),
	(1337, 35, 0, 0, 0, '[]', '{}'),
	(1338, 36, 0, 0, 0, '[]', '{}'),
	(1339, 37, 0, 0, 0, '[]', '{}'),
	(1340, 38, 0, 0, 0, '[]', '{}'),
	(1341, 39, 0, 0, 0, '[]', '{}'),
	(1342, 40, 0, 0, 0, '[]', '{}'),
	(1343, 41, 0, 0, 0, '[]', '{}'),
	(1344, 42, 0, 0, 0, '[]', '{}'),
	(1345, 43, 0, 0, 0, '[]', '{}'),
	(1346, 44, 0, 0, 0, '[]', '{}'),
	(1347, 45, 0, 0, 0, '[]', '{}'),
	(1348, 46, 0, 0, 0, '[]', '{}'),
	(1349, 47, 0, 0, 0, '[]', '{}'),
	(1350, 48, 0, 0, 0, '[]', '{}'),
	(1351, 49, 0, 0, 0, '[]', '{}'),
	(1352, 50, 0, 0, 0, '[]', '{}'),
	(1353, 51, 0, 0, 0, '[]', '{}'),
	(1354, 52, 0, 0, 0, '[]', '{}'),
	(1355, 53, 0, 0, 0, '[]', '{}'),
	(1356, 54, 0, 0, 0, '[]', '{}'),
	(1357, 55, 0, 0, 0, '[]', '{}'),
	(1358, 56, 0, 0, 0, '[]', '{}'),
	(1359, 57, 0, 0, 0, '[]', '{}'),
	(1360, 59, 0, 0, 0, '[]', '{}'),
	(1361, 60, 0, 0, 0, '[]', '{}'),
	(1362, 61, 0, 0, 0, '[]', '{}'),
	(1363, 62, 0, 0, 0, '[]', '{}'),
	(1364, 63, 0, 0, 0, '[]', '{}'),
	(1366, 64, 0, 0, 0, '[]', '{}'),
	(1367, 65, 0, 0, 0, '[]', '{}'),
	(1437, 1, 0, 0, 0, '[]', '{}'),
	(1438, 2, 0, 0, 0, '[]', '{}'),
	(1439, 3, 0, 0, 0, '[]', '{}'),
	(1440, 4, 0, 0, 0, '[]', '{}'),
	(1441, 5, 0, 0, 0, '[]', '{}'),
	(1442, 6, 0, 0, 0, '[]', '{}'),
	(1443, 7, 0, 0, 0, '[]', '{}'),
	(1444, 8, 0, 0, 0, '[]', '{}'),
	(1445, 9, 0, 0, 0, '[]', '{}'),
	(1446, 10, 0, 0, 0, '[]', '{}'),
	(1447, 11, 0, 0, 0, '[]', '{}'),
	(1448, 12, 0, 0, 0, '[]', '{}'),
	(1449, 13, 0, 0, 0, '[]', '{}'),
	(1450, 14, 0, 0, 0, '[]', '{}'),
	(1451, 15, 0, 0, 0, '[]', '{}'),
	(1452, 16, 0, 0, 0, '[]', '{}'),
	(1453, 17, 0, 0, 0, '[]', '{}'),
	(1454, 18, 0, 0, 0, '[]', '{}'),
	(1455, 19, 0, 0, 0, '[]', '{}'),
	(1456, 20, 0, 0, 0, '[]', '{}'),
	(1457, 21, 0, 0, 0, '[]', '{}'),
	(1458, 22, 0, 0, 0, '[]', '{}'),
	(1459, 23, 0, 0, 0, '[]', '{}'),
	(1460, 24, 0, 0, 0, '[]', '{}'),
	(1461, 25, 0, 0, 0, '[]', '{}'),
	(1462, 26, 0, 0, 0, '[]', '{}'),
	(1463, 27, 0, 0, 0, '[]', '{}'),
	(1464, 28, 0, 0, 0, '[]', '{}'),
	(1465, 29, 0, 0, 0, '[]', '{}'),
	(1466, 30, 0, 0, 0, '[]', '{}'),
	(1467, 31, 0, 0, 0, '[]', '{}'),
	(1468, 32, 0, 0, 0, '[]', '{}'),
	(1469, 33, 0, 0, 0, '[]', '{}'),
	(1470, 34, 0, 0, 0, '[]', '{}'),
	(1471, 35, 0, 0, 0, '[]', '{}'),
	(1472, 36, 0, 0, 0, '[]', '{}'),
	(1473, 37, 0, 0, 0, '[]', '{}'),
	(1474, 38, 0, 0, 0, '[]', '{}'),
	(1475, 39, 0, 0, 0, '[]', '{}'),
	(1476, 40, 0, 0, 0, '[]', '{}'),
	(1477, 41, 0, 0, 0, '[]', '{}'),
	(1478, 42, 0, 0, 0, '[]', '{}'),
	(1479, 43, 0, 0, 0, '[]', '{}'),
	(1480, 44, 0, 0, 0, '[]', '{}'),
	(1481, 45, 0, 0, 0, '[]', '{}'),
	(1482, 46, 0, 0, 0, '[]', '{}'),
	(1483, 47, 0, 0, 0, '[]', '{}'),
	(1484, 48, 0, 0, 0, '[]', '{}'),
	(1485, 49, 0, 0, 0, '[]', '{}'),
	(1486, 50, 0, 0, 0, '[]', '{}'),
	(1487, 51, 0, 0, 0, '[]', '{}'),
	(1488, 52, 0, 0, 0, '[]', '{}'),
	(1489, 53, 0, 0, 0, '[]', '{}'),
	(1490, 54, 0, 0, 0, '[]', '{}'),
	(1491, 55, 0, 0, 0, '[]', '{}'),
	(1492, 56, 0, 0, 0, '[]', '{}'),
	(1493, 57, 0, 0, 0, '[]', '{}'),
	(1494, 58, 0, 0, 0, '[]', '{}'),
	(1495, 59, 0, 0, 0, '[]', '{}'),
	(1496, 60, 0, 0, 0, '[]', '{}'),
	(1497, 61, 0, 0, 0, '[]', '{}'),
	(1498, 62, 0, 0, 0, '[]', '{}'),
	(1499, 63, 0, 0, 0, '[]', '{}'),
	(1757, 2, 0, 0, 0, '[]', '{}'),
	(1758, 3, 0, 0, 0, '[]', '{}'),
	(1759, 4, 0, 0, 0, '[]', '{}'),
	(1760, 5, 0, 0, 0, '[]', '{}'),
	(1761, 6, 0, 0, 0, '[]', '{}'),
	(1762, 7, 0, 0, 0, '[]', '{}'),
	(1763, 8, 0, 0, 0, '[]', '{}'),
	(1764, 9, 0, 0, 0, '[]', '{}'),
	(1765, 10, 0, 0, 0, '[]', '{}'),
	(1766, 11, 0, 0, 0, '[]', '{}'),
	(1767, 12, 0, 0, 0, '[]', '{}'),
	(1768, 13, 0, 0, 0, '[]', '{}'),
	(1769, 14, 0, 0, 0, '[]', '{}'),
	(1770, 15, 0, 0, 0, '[]', '{}'),
	(1771, 16, 0, 0, 0, '[]', '{}'),
	(1772, 17, 0, 0, 0, '[]', '{}'),
	(1773, 18, 0, 0, 0, '[]', '{}'),
	(1774, 19, 0, 0, 0, '[]', '{}'),
	(1775, 20, 0, 0, 0, '[]', '{}'),
	(1776, 21, 0, 0, 0, '[]', '{}'),
	(1777, 22, 0, 0, 0, '[]', '{}'),
	(1778, 23, 0, 0, 0, '[]', '{}'),
	(1779, 24, 0, 0, 0, '[]', '{}'),
	(1780, 25, 0, 0, 0, '[]', '{}'),
	(1781, 26, 0, 0, 0, '[]', '{}'),
	(1782, 27, 0, 0, 0, '[]', '{}'),
	(1783, 28, 0, 0, 0, '[]', '{}'),
	(1784, 29, 0, 0, 0, '[]', '{}'),
	(1785, 30, 0, 0, 0, '[]', '{}'),
	(1786, 31, 0, 0, 0, '[]', '{}'),
	(1787, 32, 0, 0, 0, '[]', '{}'),
	(1788, 33, 0, 0, 0, '[]', '{}'),
	(1789, 34, 0, 0, 0, '[]', '{}'),
	(1790, 35, 0, 0, 0, '[]', '{}'),
	(1791, 36, 0, 0, 0, '[]', '{}'),
	(1792, 37, 0, 0, 0, '[]', '{}'),
	(1793, 38, 0, 0, 0, '[]', '{}'),
	(1794, 39, 0, 0, 0, '[]', '{}'),
	(1795, 40, 0, 0, 0, '[]', '{}'),
	(1796, 41, 0, 0, 0, '[]', '{}'),
	(1797, 42, 0, 0, 0, '[]', '{}'),
	(1798, 43, 0, 0, 0, '[]', '{}'),
	(1799, 44, 0, 0, 0, '[]', '{}'),
	(1800, 45, 0, 0, 0, '[]', '{}'),
	(1801, 46, 0, 0, 0, '[]', '{}'),
	(1802, 47, 0, 0, 0, '[]', '{}'),
	(1803, 48, 0, 0, 0, '[]', '{}'),
	(1804, 49, 0, 0, 0, '[]', '{}'),
	(1805, 50, 0, 0, 0, '[]', '{}'),
	(1806, 51, 0, 0, 0, '[]', '{}'),
	(1807, 52, 0, 0, 0, '[]', '{}'),
	(1808, 53, 0, 0, 0, '[]', '{}'),
	(1809, 54, 0, 0, 0, '[]', '{}'),
	(1810, 55, 0, 0, 0, '[]', '{}'),
	(1811, 56, 0, 0, 0, '[]', '{}'),
	(1812, 57, 0, 0, 0, '[]', '{}'),
	(1813, 58, 0, 0, 0, '[]', '{}'),
	(1814, 59, 0, 0, 0, '[]', '{}'),
	(1815, 60, 0, 0, 0, '[]', '{}'),
	(1816, 61, 0, 0, 0, '[]', '{}'),
	(1817, 62, 0, 0, 0, '[]', '{}'),
	(1818, 63, 0, 0, 0, '[]', '{}'),
	(1819, 64, 0, 0, 0, '[]', '{}'),
	(1820, 57, 0, 0, 0, '[]', '{}'),
	(1823, 2, 0, 0, 0, '[]', '{}'),
	(1824, 3, 0, 0, 0, '[]', '{}'),
	(1825, 4, 0, 0, 0, '[]', '{}'),
	(1826, 5, 0, 0, 0, '[]', '{}'),
	(1827, 6, 0, 0, 0, '[]', '{}'),
	(1828, 7, 0, 0, 0, '[]', '{}'),
	(1829, 8, 0, 0, 0, '[]', '{}'),
	(1830, 9, 0, 0, 0, '[]', '{}'),
	(1831, 10, 0, 0, 0, '[]', '{}'),
	(1832, 11, 0, 0, 0, '[]', '{}'),
	(1833, 12, 0, 0, 0, '[]', '{}'),
	(1834, 13, 0, 0, 0, '[]', '{}'),
	(1835, 14, 0, 0, 0, '[]', '{}'),
	(1836, 15, 0, 0, 0, '[]', '{}'),
	(1837, 16, 0, 0, 0, '[]', '{}'),
	(1838, 17, 0, 0, 0, '[]', '{}'),
	(1839, 18, 0, 0, 0, '[]', '{}'),
	(1840, 19, 0, 0, 0, '[]', '{}'),
	(1841, 20, 0, 0, 0, '[]', '{}'),
	(1842, 21, 0, 0, 0, '[]', '{}'),
	(1843, 22, 0, 0, 0, '[]', '{}'),
	(1844, 23, 0, 0, 0, '[]', '{}'),
	(1845, 24, 0, 0, 0, '[]', '{}'),
	(1846, 25, 0, 0, 0, '[]', '{}'),
	(1847, 26, 0, 0, 0, '[]', '{}'),
	(1848, 27, 0, 0, 0, '[]', '{}'),
	(1849, 28, 0, 0, 0, '[]', '{}'),
	(1850, 29, 0, 0, 0, '[]', '{}'),
	(1851, 30, 0, 0, 0, '[]', '{}'),
	(1852, 31, 0, 0, 0, '[]', '{}'),
	(1853, 32, 0, 0, 0, '[]', '{}'),
	(1854, 33, 0, 0, 0, '[]', '{}'),
	(1855, 34, 0, 0, 0, '[]', '{}'),
	(1856, 35, 0, 0, 0, '[]', '{}'),
	(1857, 36, 0, 0, 0, '[]', '{}'),
	(1858, 37, 0, 0, 0, '[]', '{}'),
	(1859, 38, 0, 0, 0, '[]', '{}'),
	(1860, 39, 0, 0, 0, '[]', '{}'),
	(1861, 40, 0, 0, 0, '[]', '{}'),
	(1862, 41, 0, 0, 0, '[]', '{}'),
	(1863, 42, 0, 0, 0, '[]', '{}'),
	(1864, 43, 0, 0, 0, '[]', '{}'),
	(1865, 44, 0, 0, 0, '[]', '{}'),
	(1866, 45, 0, 0, 0, '[]', '{}'),
	(1867, 46, 0, 0, 0, '[]', '{}'),
	(1868, 47, 0, 0, 0, '[]', '{}'),
	(1869, 48, 0, 0, 0, '[]', '{}'),
	(1870, 49, 0, 0, 0, '[]', '{}'),
	(1871, 50, 0, 0, 0, '[]', '{}'),
	(1872, 51, 0, 0, 0, '[]', '{}'),
	(1873, 52, 0, 0, 0, '[]', '{}'),
	(1874, 53, 0, 0, 0, '[]', '{}'),
	(1875, 54, 0, 0, 0, '[]', '{}'),
	(1876, 55, 0, 0, 0, '[]', '{}'),
	(1877, 56, 0, 0, 0, '[]', '{}'),
	(1878, 58, 0, 0, 0, '[]', '{}'),
	(1879, 59, 0, 0, 0, '[]', '{}'),
	(1880, 60, 0, 0, 0, '[]', '{}'),
	(1881, 61, 0, 0, 0, '[]', '{}'),
	(1882, 62, 0, 0, 0, '[]', '{}'),
	(1883, 63, 0, 0, 0, '[]', '{}'),
	(1885, 3, 0, 0, 0, '[]', '{}'),
	(1886, 4, 0, 0, 0, '[]', '{}'),
	(1949, 5, 0, 0, 0, '[]', '{}'),
	(1950, 6, 0, 0, 0, '[]', '{}'),
	(1951, 7, 0, 0, 0, '[]', '{}'),
	(1952, 8, 0, 0, 0, '[]', '{}'),
	(1953, 9, 0, 0, 0, '[]', '{}'),
	(1954, 10, 0, 0, 0, '[]', '{}'),
	(1955, 11, 0, 0, 0, '[]', '{}'),
	(1956, 12, 0, 0, 0, '[]', '{}'),
	(1957, 13, 0, 0, 0, '[]', '{}'),
	(1958, 14, 0, 0, 0, '[]', '{}'),
	(1959, 15, 0, 0, 0, '[]', '{}'),
	(1960, 16, 0, 0, 0, '[]', '{}'),
	(1961, 17, 0, 0, 0, '[]', '{}'),
	(1962, 18, 0, 0, 0, '[]', '{}'),
	(1963, 19, 0, 0, 0, '[]', '{}'),
	(1964, 20, 0, 0, 0, '[]', '{}'),
	(1965, 21, 0, 0, 0, '[]', '{}'),
	(1966, 22, 0, 0, 0, '[]', '{}'),
	(1967, 23, 0, 0, 0, '[]', '{}'),
	(1968, 24, 0, 0, 0, '[]', '{}'),
	(1969, 25, 0, 0, 0, '[]', '{}'),
	(1970, 26, 0, 0, 0, '[]', '{}'),
	(1971, 27, 0, 0, 0, '[]', '{}'),
	(1972, 28, 0, 0, 0, '[]', '{}'),
	(1973, 29, 0, 0, 0, '[]', '{}'),
	(1974, 30, 0, 0, 0, '[]', '{}'),
	(1975, 31, 0, 0, 0, '[]', '{}'),
	(1976, 32, 0, 0, 0, '[]', '{}'),
	(1977, 33, 0, 0, 0, '[]', '{}'),
	(1978, 34, 0, 0, 0, '[]', '{}'),
	(1979, 35, 0, 0, 0, '[]', '{}'),
	(1980, 36, 0, 0, 0, '[]', '{}'),
	(1981, 37, 0, 0, 0, '[]', '{}'),
	(1982, 38, 0, 0, 0, '[]', '{}'),
	(1983, 39, 0, 0, 0, '[]', '{}'),
	(1984, 40, 0, 0, 0, '[]', '{}'),
	(1985, 41, 0, 0, 0, '[]', '{}'),
	(1986, 42, 0, 0, 0, '[]', '{}'),
	(1987, 43, 0, 0, 0, '[]', '{}'),
	(1988, 44, 0, 0, 0, '[]', '{}'),
	(1989, 45, 0, 0, 0, '[]', '{}'),
	(1990, 46, 0, 0, 0, '[]', '{}'),
	(1991, 47, 0, 0, 0, '[]', '{}'),
	(1992, 48, 0, 0, 0, '[]', '{}'),
	(1993, 49, 0, 0, 0, '[]', '{}'),
	(1994, 50, 0, 0, 0, '[]', '{}'),
	(1995, 51, 0, 0, 0, '[]', '{}'),
	(1996, 52, 0, 0, 0, '[]', '{}'),
	(1997, 53, 0, 0, 0, '[]', '{}'),
	(1998, 54, 0, 0, 0, '[]', '{}'),
	(1999, 55, 0, 0, 0, '[]', '{}'),
	(2000, 56, 0, 0, 0, '[]', '{}'),
	(2001, 57, 0, 0, 0, '[]', '{}'),
	(2002, 58, 0, 0, 0, '[]', '{}'),
	(2003, 59, 0, 0, 0, '[]', '{}'),
	(2004, 60, 0, 0, 0, '[]', '{}'),
	(2005, 61, 0, 0, 0, '[]', '{}'),
	(2006, 62, 0, 0, 0, '[]', '{}'),
	(2007, 63, 0, 0, 0, '[]', '{}'),
	(2008, 64, 0, 0, 0, '[]', '{}'),
	(2009, 65, 0, 0, 0, '[]', '{}'),
	(2010, 66, 0, 0, 0, '[]', '{}'),
	(2144, 2, 0, 0, 0, '[]', '{}'),
	(2145, 3, 0, 0, 0, '[]', '{}'),
	(2146, 4, 0, 0, 0, '[]', '{}'),
	(2147, 5, 0, 0, 0, '[]', '{}'),
	(2148, 6, 0, 0, 0, '[]', '{}'),
	(2149, 7, 0, 0, 0, '[]', '{}'),
	(2150, 8, 0, 0, 0, '[]', '{}'),
	(2151, 9, 0, 0, 0, '[]', '{}'),
	(2152, 10, 0, 0, 0, '[]', '{}'),
	(2153, 11, 0, 0, 0, '[]', '{}'),
	(2154, 12, 0, 0, 0, '[]', '{}'),
	(2155, 13, 0, 0, 0, '[]', '{}'),
	(2156, 14, 0, 0, 0, '[]', '{}'),
	(2157, 15, 0, 0, 0, '[]', '{}'),
	(2158, 16, 0, 0, 0, '[]', '{}'),
	(2159, 17, 0, 0, 0, '[]', '{}'),
	(2160, 18, 0, 0, 0, '[]', '{}'),
	(2161, 19, 0, 0, 0, '[]', '{}'),
	(2162, 20, 0, 0, 0, '[]', '{}'),
	(2163, 21, 0, 0, 0, '[]', '{}'),
	(2164, 22, 0, 0, 0, '[]', '{}'),
	(2165, 23, 0, 0, 0, '[]', '{}'),
	(2166, 24, 0, 0, 0, '[]', '{}'),
	(2167, 25, 0, 0, 0, '[]', '{}'),
	(2168, 26, 0, 0, 0, '[]', '{}'),
	(2169, 27, 0, 0, 0, '[]', '{}'),
	(2170, 28, 0, 0, 0, '[]', '{}'),
	(2171, 29, 0, 0, 0, '[]', '{}'),
	(2172, 30, 0, 0, 0, '[]', '{}'),
	(2173, 31, 0, 0, 0, '[]', '{}'),
	(2174, 32, 0, 0, 0, '[]', '{}'),
	(2175, 33, 0, 0, 0, '[]', '{}'),
	(2176, 34, 0, 0, 0, '[]', '{}'),
	(2177, 35, 0, 0, 0, '[]', '{}'),
	(2178, 36, 0, 0, 0, '[]', '{}'),
	(2179, 37, 0, 0, 0, '[]', '{}'),
	(2180, 38, 0, 0, 0, '[]', '{}'),
	(2181, 39, 0, 0, 0, '[]', '{}'),
	(2182, 40, 0, 0, 0, '[]', '{}'),
	(2183, 41, 0, 0, 0, '[]', '{}'),
	(2184, 42, 0, 0, 0, '[]', '{}'),
	(2185, 43, 0, 0, 0, '[]', '{}'),
	(2186, 44, 0, 0, 0, '[]', '{}'),
	(2187, 45, 0, 0, 0, '[]', '{}'),
	(2188, 46, 0, 0, 0, '[]', '{}'),
	(2189, 47, 0, 0, 0, '[]', '{}'),
	(2190, 48, 0, 0, 0, '[]', '{}'),
	(2191, 49, 0, 0, 0, '[]', '{}'),
	(2192, 50, 0, 0, 0, '[]', '{}'),
	(2193, 51, 0, 0, 0, '[]', '{}'),
	(2194, 52, 0, 0, 0, '[]', '{}'),
	(2195, 53, 0, 0, 0, '[]', '{}'),
	(2196, 54, 0, 0, 0, '[]', '{}'),
	(2197, 55, 0, 0, 0, '[]', '{}'),
	(2198, 56, 0, 0, 0, '[]', '{}'),
	(2199, 57, 0, 0, 0, '[]', '{}'),
	(2200, 58, 0, 0, 0, '[]', '{}'),
	(2201, 59, 0, 0, 0, '[]', '{}'),
	(2202, 60, 0, 0, 0, '[]', '{}'),
	(2203, 61, 0, 0, 0, '[]', '{}'),
	(2204, 62, 0, 0, 0, '[]', '{}'),
	(2205, 63, 0, 0, 0, '[]', '{}'),
	(2206, 64, 0, 0, 0, '[]', '{}'),
	(2207, 65, 0, 0, 0, '[]', '{}'),
	(2208, 3, 0, 0, 0, '[]', '{}'),
	(2209, 4, 0, 0, 0, '[]', '{}'),
	(2210, 5, 0, 0, 0, '[]', '{}'),
	(2211, 6, 0, 0, 0, '[]', '{}'),
	(2212, 7, 0, 0, 0, '[]', '{}'),
	(2213, 8, 0, 0, 0, '[]', '{}'),
	(2214, 9, 0, 0, 0, '[]', '{}'),
	(2215, 10, 0, 0, 0, '[]', '{}'),
	(2216, 11, 0, 0, 0, '[]', '{}'),
	(2217, 12, 0, 0, 0, '[]', '{}'),
	(2218, 13, 0, 0, 0, '[]', '{}'),
	(2219, 14, 0, 0, 0, '[]', '{}'),
	(2220, 15, 0, 0, 0, '[]', '{}'),
	(2221, 16, 0, 0, 0, '[]', '{}'),
	(2222, 17, 0, 0, 0, '[]', '{}'),
	(2223, 18, 0, 0, 0, '[]', '{}'),
	(2224, 19, 0, 0, 0, '[]', '{}'),
	(2225, 20, 0, 0, 0, '[]', '{}'),
	(2226, 21, 0, 0, 0, '[]', '{}'),
	(2227, 22, 0, 0, 0, '[]', '{}'),
	(2228, 23, 0, 0, 0, '[]', '{}'),
	(2229, 24, 0, 0, 0, '[]', '{}'),
	(2230, 25, 0, 0, 0, '[]', '{}'),
	(2231, 26, 0, 0, 0, '[]', '{}'),
	(2232, 27, 0, 0, 0, '[]', '{}'),
	(2233, 28, 0, 0, 0, '[]', '{}'),
	(2234, 29, 0, 0, 0, '[]', '{}'),
	(2235, 30, 0, 0, 0, '[]', '{}'),
	(2236, 31, 0, 0, 0, '[]', '{}'),
	(2237, 32, 0, 0, 0, '[]', '{}'),
	(2238, 33, 0, 0, 0, '[]', '{}'),
	(2239, 34, 0, 0, 0, '[]', '{}'),
	(2240, 35, 0, 0, 0, '[]', '{}'),
	(2241, 36, 0, 0, 0, '[]', '{}'),
	(2242, 37, 0, 0, 0, '[]', '{}'),
	(2243, 38, 0, 0, 0, '[]', '{}'),
	(2244, 39, 0, 0, 0, '[]', '{}'),
	(2245, 40, 0, 0, 0, '[]', '{}'),
	(2246, 41, 0, 0, 0, '[]', '{}'),
	(2247, 42, 0, 0, 0, '[]', '{}'),
	(2248, 43, 0, 0, 0, '[]', '{}'),
	(2249, 44, 0, 0, 0, '[]', '{}'),
	(2250, 45, 0, 0, 0, '[]', '{}'),
	(2254, 46, 0, 0, 0, '[]', '{}'),
	(2255, 47, 0, 0, 0, '[]', '{}'),
	(2256, 48, 0, 0, 0, '[]', '{}'),
	(2257, 49, 0, 0, 0, '[]', '{}'),
	(2258, 50, 0, 0, 0, '[]', '{}'),
	(2259, 51, 0, 0, 0, '[]', '{}'),
	(2260, 52, 0, 0, 0, '[]', '{}'),
	(2261, 53, 0, 0, 0, '[]', '{}'),
	(2262, 54, 0, 0, 0, '[]', '{}'),
	(2263, 55, 0, 0, 0, '[]', '{}'),
	(2264, 56, 0, 0, 0, '[]', '{}'),
	(2265, 57, 0, 0, 0, '[]', '{}'),
	(2266, 58, 0, 0, 0, '[]', '{}'),
	(2267, 59, 0, 0, 0, '[]', '{}'),
	(2268, 60, 0, 0, 0, '[]', '{}'),
	(2269, 61, 0, 0, 0, '[]', '{}'),
	(2270, 62, 0, 0, 0, '[]', '{}'),
	(2271, 63, 0, 0, 0, '[]', '{}'),
	(2272, 2, 0, 0, 0, '[]', '{}'),
	(2273, 1, 0, 0, 0, '[]', '{}'),
	(2769, 45, 0, 0, 0, '[]', '{}'),
	(2770, 46, 0, 0, 0, '[]', '{}'),
	(2771, 47, 0, 0, 0, '[]', '{}'),
	(3470, 2, 0, 0, 0, '[]', '{}'),
	(3471, 3, 0, 0, 0, '[]', '{}'),
	(3472, 4, 0, 0, 0, '[]', '{}'),
	(3473, 5, 0, 0, 0, '[]', '{}'),
	(3474, 6, 0, 0, 0, '[]', '{}'),
	(3475, 7, 0, 0, 0, '[]', '{}'),
	(3476, 8, 0, 0, 0, '[]', '{}'),
	(3477, 9, 0, 0, 0, '[]', '{}'),
	(3478, 10, 0, 0, 0, '[]', '{}'),
	(3479, 11, 0, 0, 0, '[]', '{}'),
	(3480, 12, 0, 0, 0, '[]', '{}'),
	(3481, 13, 0, 0, 0, '[]', '{}'),
	(3482, 14, 0, 0, 0, '[]', '{}'),
	(3483, 15, 0, 0, 0, '[]', '{}'),
	(3484, 16, 0, 0, 0, '[]', '{}'),
	(3485, 17, 0, 0, 0, '[]', '{}'),
	(3486, 18, 0, 0, 0, '[]', '{}'),
	(3487, 19, 0, 0, 0, '[]', '{}'),
	(3488, 20, 0, 0, 0, '[]', '{}'),
	(3489, 21, 0, 0, 0, '[]', '{}'),
	(3490, 22, 0, 0, 0, '[]', '{}'),
	(3491, 23, 0, 0, 0, '[]', '{}'),
	(3492, 24, 0, 0, 0, '[]', '{}'),
	(3493, 25, 0, 0, 0, '[]', '{}'),
	(3494, 26, 0, 0, 0, '[]', '{}'),
	(3495, 27, 0, 0, 0, '[]', '{}'),
	(3496, 28, 0, 0, 0, '[]', '{}'),
	(3497, 29, 0, 0, 0, '[]', '{}'),
	(3498, 30, 0, 0, 0, '[]', '{}'),
	(3499, 31, 0, 0, 0, '[]', '{}'),
	(3500, 32, 0, 0, 0, '[]', '{}'),
	(3501, 33, 0, 0, 0, '[]', '{}'),
	(3502, 34, 0, 0, 0, '[]', '{}'),
	(3503, 35, 0, 0, 0, '[]', '{}'),
	(3504, 36, 0, 0, 0, '[]', '{}'),
	(3505, 37, 0, 0, 0, '[]', '{}'),
	(3506, 38, 0, 0, 0, '[]', '{}'),
	(3507, 39, 0, 0, 0, '[]', '{}'),
	(3508, 40, 0, 0, 0, '[]', '{}'),
	(3509, 41, 0, 0, 0, '[]', '{}'),
	(3510, 42, 0, 0, 0, '[]', '{}'),
	(3511, 43, 0, 0, 0, '[]', '{}'),
	(3512, 44, 0, 0, 0, '[]', '{}'),
	(3513, 48, 0, 0, 0, '[]', '{}'),
	(3514, 49, 0, 0, 0, '[]', '{}'),
	(3515, 50, 0, 0, 0, '[]', '{}'),
	(3516, 51, 0, 0, 0, '[]', '{}'),
	(3517, 52, 0, 0, 0, '[]', '{}'),
	(3518, 53, 0, 0, 0, '[]', '{}'),
	(3519, 54, 0, 0, 0, '[]', '{}'),
	(3520, 55, 0, 0, 0, '[]', '{}'),
	(3521, 56, 0, 0, 0, '[]', '{}'),
	(3522, 57, 0, 0, 0, '[]', '{}'),
	(3523, 58, 0, 0, 0, '[]', '{}'),
	(3524, 59, 0, 0, 0, '[]', '{}'),
	(3525, 60, 0, 0, 0, '[]', '{}'),
	(3526, 61, 0, 0, 0, '[]', '{}'),
	(3527, 62, 0, 0, 0, '[]', '{}'),
	(3528, 63, 0, 0, 0, '[]', '{}'),
	(3529, 64, 0, 0, 0, '[]', '{}'),
	(3530, 65, 0, 0, 0, '[]', '{}'),
	(3531, 1, 0, 0, 0, '[]', '{}'),
	(3599, 63, 0, 0, 0, '[]', '{}'),
	(3600, 62, 0, 0, 0, '[]', '{}'),
	(3601, 61, 0, 0, 0, '[]', '{}'),
	(3602, 60, 0, 0, 0, '[]', '{}'),
	(3603, 59, 0, 0, 0, '[]', '{}'),
	(3604, 58, 0, 0, 0, '[]', '{}'),
	(3605, 57, 0, 0, 0, '[]', '{}'),
	(3606, 56, 0, 0, 0, '[]', '{}'),
	(3607, 55, 0, 0, 0, '[]', '{}'),
	(3608, 54, 0, 0, 0, '[]', '{}'),
	(3609, 53, 0, 0, 0, '[]', '{}'),
	(3610, 52, 0, 0, 0, '[]', '{}'),
	(3611, 51, 0, 0, 0, '[]', '{}'),
	(3612, 50, 0, 0, 0, '[]', '{}'),
	(3613, 49, 0, 0, 0, '[]', '{}'),
	(3614, 48, 0, 0, 0, '[]', '{}'),
	(3615, 47, 0, 0, 0, '[]', '{}'),
	(3616, 46, 0, 0, 0, '[]', '{}'),
	(3617, 45, 0, 0, 0, '[]', '{}'),
	(3618, 44, 0, 0, 0, '[]', '{}'),
	(3619, 43, 0, 0, 0, '[]', '{}'),
	(3620, 42, 0, 0, 0, '[]', '{}'),
	(3621, 41, 0, 0, 0, '[]', '{}'),
	(3622, 40, 0, 0, 0, '[]', '{}'),
	(3623, 39, 0, 0, 0, '[]', '{}'),
	(3624, 38, 0, 0, 0, '[]', '{}'),
	(3625, 37, 0, 0, 0, '[]', '{}'),
	(3626, 36, 0, 0, 0, '[]', '{}'),
	(3627, 35, 0, 0, 0, '[]', '{}'),
	(3628, 34, 0, 0, 0, '[]', '{}'),
	(3629, 33, 0, 0, 0, '[]', '{}'),
	(3630, 32, 0, 0, 0, '[]', '{}'),
	(3631, 31, 0, 0, 0, '[]', '{}'),
	(3632, 30, 0, 0, 0, '[]', '{}'),
	(3633, 29, 0, 0, 0, '[]', '{}'),
	(3634, 28, 0, 0, 0, '[]', '{}'),
	(3635, 27, 0, 0, 0, '[]', '{}'),
	(3636, 26, 0, 0, 0, '[]', '{}'),
	(3637, 25, 0, 0, 0, '[]', '{}'),
	(3638, 24, 0, 0, 0, '[]', '{}'),
	(3639, 23, 0, 0, 0, '[]', '{}'),
	(3640, 22, 0, 0, 0, '[]', '{}'),
	(3641, 21, 0, 0, 0, '[]', '{}'),
	(3642, 20, 0, 0, 0, '[]', '{}'),
	(3643, 19, 0, 0, 0, '[]', '{}'),
	(3644, 18, 0, 0, 0, '[]', '{}'),
	(3645, 17, 0, 0, 0, '[]', '{}'),
	(3646, 16, 0, 0, 0, '[]', '{}'),
	(3647, 15, 0, 0, 0, '[]', '{}'),
	(3648, 14, 0, 0, 0, '[]', '{}'),
	(3649, 13, 0, 0, 0, '[]', '{}'),
	(3650, 12, 0, 0, 0, '[]', '{}'),
	(3651, 11, 0, 0, 0, '[]', '{}'),
	(3652, 10, 0, 0, 0, '[]', '{}'),
	(3653, 9, 0, 0, 0, '[]', '{}'),
	(3655, 8, 0, 0, 0, '[]', '{}'),
	(3657, 7, 0, 0, 0, '[]', '{}'),
	(3658, 6, 0, 0, 0, '[]', '{}'),
	(3659, 5, 0, 0, 0, '[]', '{}'),
	(3660, 4, 0, 0, 0, '[]', '{}'),
	(3661, 3, 0, 0, 0, '[]', '{}'),
	(3662, 2, 0, 0, 0, '[]', '{}'),
	(3664, 63, 0, 0, 0, '[]', '{}'),
	(3665, 62, 0, 0, 0, '[]', '{}'),
	(3666, 61, 0, 0, 0, '[]', '{}'),
	(3667, 60, 0, 0, 0, '[]', '{}'),
	(3668, 59, 0, 0, 0, '[]', '{}'),
	(3669, 58, 0, 0, 0, '[]', '{}'),
	(3670, 57, 0, 0, 0, '[]', '{}'),
	(3671, 56, 0, 0, 0, '[]', '{}'),
	(3672, 55, 0, 0, 0, '[]', '{}'),
	(3673, 54, 0, 0, 0, '[]', '{}'),
	(3674, 53, 0, 0, 0, '[]', '{}'),
	(3675, 52, 0, 0, 0, '[]', '{}'),
	(3676, 51, 0, 0, 0, '[]', '{}'),
	(3677, 50, 0, 0, 0, '[]', '{}'),
	(3678, 49, 0, 0, 0, '[]', '{}'),
	(3679, 48, 0, 0, 0, '[]', '{}'),
	(3680, 47, 0, 0, 0, '[]', '{}'),
	(3681, 46, 0, 0, 0, '[]', '{}'),
	(3682, 45, 0, 0, 0, '[]', '{}'),
	(3683, 44, 0, 0, 0, '[]', '{}'),
	(3684, 43, 0, 0, 0, '[]', '{}'),
	(3685, 42, 0, 0, 0, '[]', '{}'),
	(3686, 41, 0, 0, 0, '[]', '{}'),
	(3687, 40, 0, 0, 0, '[]', '{}'),
	(3688, 39, 0, 0, 0, '[]', '{}'),
	(3689, 38, 0, 0, 0, '[]', '{}'),
	(3690, 37, 0, 0, 0, '[]', '{}'),
	(3691, 36, 0, 0, 0, '[]', '{}'),
	(3692, 35, 0, 0, 0, '[]', '{}'),
	(3693, 34, 0, 0, 0, '[]', '{}'),
	(3694, 33, 0, 0, 0, '[]', '{}'),
	(3695, 32, 0, 0, 0, '[]', '{}'),
	(3696, 31, 0, 0, 0, '[]', '{}'),
	(3697, 30, 0, 0, 0, '[]', '{}'),
	(3698, 29, 0, 0, 0, '[]', '{}'),
	(3699, 28, 0, 0, 0, '[]', '{}'),
	(3700, 27, 0, 0, 0, '[]', '{}'),
	(3701, 26, 0, 0, 0, '[]', '{}'),
	(3702, 25, 0, 0, 0, '[]', '{}'),
	(3703, 24, 0, 0, 0, '[]', '{}'),
	(3704, 23, 0, 0, 0, '[]', '{}'),
	(3705, 22, 0, 0, 0, '[]', '{}'),
	(3706, 21, 0, 0, 0, '[]', '{}'),
	(3707, 20, 0, 0, 0, '[]', '{}'),
	(3708, 19, 0, 0, 0, '[]', '{}'),
	(3709, 18, 0, 0, 0, '[]', '{}'),
	(3710, 17, 0, 0, 0, '[]', '{}'),
	(3711, 16, 0, 0, 0, '[]', '{}'),
	(3712, 15, 0, 0, 0, '[]', '{}'),
	(3713, 14, 0, 0, 0, '[]', '{}'),
	(3714, 13, 0, 0, 0, '[]', '{}'),
	(3715, 12, 0, 0, 0, '[]', '{}'),
	(3716, 11, 0, 0, 0, '[]', '{}'),
	(3717, 10, 0, 0, 0, '[]', '{}'),
	(3718, 9, 0, 0, 0, '[]', '{}'),
	(3719, 8, 0, 0, 0, '[]', '{}'),
	(3720, 7, 0, 0, 0, '[]', '{}'),
	(3721, 6, 0, 0, 0, '[]', '{}'),
	(3722, 5, 0, 0, 0, '[]', '{}'),
	(3723, 4, 0, 0, 0, '[]', '{}'),
	(3724, 3, 0, 0, 0, '[]', '{}'),
	(3725, 2, 0, 0, 0, '[]', '{}'),
	(3726, 1, 0, 0, 0, '[]', '{}'),
	(3727, 64, 0, 0, 0, '[]', '{}'),
	(3728, 63, 0, 0, 0, '[]', '{}'),
	(3729, 62, 0, 0, 0, '[]', '{}'),
	(3730, 61, 0, 0, 0, '[]', '{}'),
	(3731, 60, 0, 0, 0, '[]', '{}'),
	(3732, 59, 0, 0, 0, '[]', '{}'),
	(3733, 58, 0, 0, 0, '[]', '{}'),
	(3734, 57, 0, 0, 0, '[]', '{}'),
	(3735, 56, 0, 0, 0, '[]', '{}'),
	(3736, 55, 0, 0, 0, '[]', '{}'),
	(3737, 54, 0, 0, 0, '[]', '{}'),
	(3738, 53, 0, 0, 0, '[]', '{}'),
	(3739, 52, 0, 0, 0, '[]', '{}'),
	(3740, 51, 0, 0, 0, '[]', '{}'),
	(3741, 50, 0, 0, 0, '[]', '{}'),
	(3742, 49, 0, 0, 0, '[]', '{}'),
	(3743, 48, 0, 0, 0, '[]', '{}'),
	(3744, 47, 0, 0, 0, '[]', '{}'),
	(3745, 46, 0, 0, 0, '[]', '{}'),
	(3746, 45, 0, 0, 0, '[]', '{}'),
	(3747, 44, 0, 0, 0, '[]', '{}'),
	(3748, 43, 0, 0, 0, '[]', '{}'),
	(3749, 42, 0, 0, 0, '[]', '{}'),
	(3750, 41, 0, 0, 0, '[]', '{}'),
	(3751, 40, 0, 0, 0, '[]', '{}'),
	(3752, 39, 0, 0, 0, '[]', '{}'),
	(3753, 38, 0, 0, 0, '[]', '{}'),
	(3754, 37, 0, 0, 0, '[]', '{}'),
	(3755, 36, 0, 0, 0, '[]', '{}'),
	(3756, 35, 0, 0, 0, '[]', '{}'),
	(3757, 34, 0, 0, 0, '[]', '{}'),
	(3758, 33, 0, 0, 0, '[]', '{}'),
	(3759, 32, 0, 0, 0, '[]', '{}'),
	(3760, 31, 0, 0, 0, '[]', '{}'),
	(3761, 30, 0, 0, 0, '[]', '{}'),
	(3762, 29, 0, 0, 0, '[]', '{}'),
	(3763, 28, 0, 0, 0, '[]', '{}'),
	(3764, 27, 0, 0, 0, '[]', '{}'),
	(3765, 26, 0, 0, 0, '[]', '{}'),
	(3766, 25, 0, 0, 0, '[]', '{}'),
	(3767, 24, 0, 0, 0, '[]', '{}'),
	(3768, 23, 0, 0, 0, '[]', '{}'),
	(3769, 22, 0, 0, 0, '[]', '{}'),
	(3770, 21, 0, 0, 0, '[]', '{}'),
	(3771, 20, 0, 0, 0, '[]', '{}'),
	(3772, 19, 0, 0, 0, '[]', '{}'),
	(3773, 18, 0, 0, 0, '[]', '{}'),
	(3774, 17, 0, 0, 0, '[]', '{}'),
	(3775, 16, 0, 0, 0, '[]', '{}'),
	(3776, 15, 0, 0, 0, '[]', '{}'),
	(3777, 14, 0, 0, 0, '[]', '{}'),
	(3778, 13, 0, 0, 0, '[]', '{}'),
	(3779, 12, 0, 0, 0, '[]', '{}'),
	(3780, 11, 0, 0, 0, '[]', '{}'),
	(3781, 10, 0, 0, 0, '[]', '{}'),
	(3782, 9, 0, 0, 0, '[]', '{}'),
	(3783, 8, 0, 0, 0, '[]', '{}'),
	(3784, 7, 0, 0, 0, '[]', '{}'),
	(3785, 6, 0, 0, 0, '[]', '{}'),
	(3786, 5, 0, 0, 0, '[]', '{}'),
	(3787, 4, 0, 0, 0, '[]', '{}'),
	(3788, 3, 0, 0, 0, '[]', '{}'),
	(3789, 2, 0, 0, 0, '[]', '{}'),
	(3790, 1, 0, 0, 0, '[]', '{}'),
	(3914, 2, 0, 0, 0, '[]', '{}');
/*!40000 ALTER TABLE `department_attributes` ENABLE KEYS */;

-- 테이블 bbs.employees 구조 내보내기
CREATE TABLE IF NOT EXISTS `employees` (
  `name` varchar(255) NOT NULL,
  `id` char(36) NOT NULL,
  `employeeId` varchar(10) NOT NULL,
  `team` varchar(50) NOT NULL,
  `joinYear` int(11) NOT NULL,
  `address` varchar(255) NOT NULL,
  `email` varchar(255) NOT NULL,
  PRIMARY KEY (`id`),
  UNIQUE KEY `employeeId` (`employeeId`),
  UNIQUE KEY `email` (`email`)
) ENGINE=InnoDB DEFAULT CHARSET=utf8mb4 COLLATE=utf8mb4_general_ci;

-- 테이블 데이터 bbs.employees:~11 rows (대략적) 내보내기
DELETE FROM `employees`;
/*!40000 ALTER TABLE `employees` DISABLE KEYS */;
INSERT INTO `employees` (`name`, `id`, `employeeId`, `team`, `joinYear`, `address`, `email`) VALUES
	('Liam', '2240b84a-709e-4b98-bcb7-dfae5ce2655d', 'A1004', 'Engineering', 2016, 'Daegu, South Korea', 'liam@example.com'),
	('Alice', '5704179e-92b9-4c7e-bd36-2c4758db4ea7', 'A1001', 'Engineering', 2015, 'Seoul, South Korea', 'alice@example.com'),
	('Bob', '6d4afc76-4454-4953-a2f5-db9ac1353aae', 'A1002', 'Engineering', 2017, 'Busan, South Korea', 'bob@example.com'),
	('Isabella', '836eb87b-16e6-4582-b514-2236920728b6', 'A1007', 'Engineering', 2021, 'Ulsan, South Korea', 'isabella@example.com'),
	('Noah', '83bc8abd-f043-4258-a81e-e64e29375f15', 'A1006', 'Engineering', 2020, 'Gwangju, South Korea', 'noah@example.com'),
	('Mr. Kim', '948c8f58-d7fc-4fa5-a1af-9f0eea656ff6', 'B2004', 'Finance', 2015, 'Suwon, South Korea', 'mrkim@example.com'),
	('David', 'a10ec08f-02cb-4cfd-adf2-1bc5eec2f3f8', 'B2002', 'Consulting', 2016, 'Busan, South Korea', 'david@example.com'),
	('Sophia', 'aeca335b-22f3-422c-b8e9-5ee5b922cde8', 'A1005', 'Engineering', 2019, 'Daejeon, South Korea', 'sophia@example.com'),
	('Emma', 'd356030d-c2e9-4e93-a392-6418ac31f32a', 'A1003', 'Engineering', 2018, 'Incheon, South Korea', 'emma@example.com'),
	('홍길동', 'f25df27c-6332-45b0-b045-86fee2ea00c3', 'B2003', 'Marketing', 2019, 'Jeonju, South Korea', 'hong@example.com'),
	('Charlie', 'f8216608-00dd-4ad4-a8d2-69e9abf101af', 'B2001', 'Consulting', 2014, 'Seoul, South Korea', 'charlie@example.com');
/*!40000 ALTER TABLE `employees` ENABLE KEYS */;

-- 테이블 bbs.events 구조 내보내기
CREATE TABLE IF NOT EXISTS `events` (
  `event_id` varchar(50) NOT NULL DEFAULT '',
  `date_id` int(11) DEFAULT NULL,
  `time` time NOT NULL,
  `description` varchar(255) CHARACTER SET utf8mb3 COLLATE utf8mb3_general_ci NOT NULL,
  PRIMARY KEY (`event_id`),
  KEY `date_id` (`date_id`),
  CONSTRAINT `events_ibfk_1` FOREIGN KEY (`date_id`) REFERENCES `dates` (`date_id`)
) ENGINE=InnoDB DEFAULT CHARSET=utf8mb4 COLLATE=utf8mb4_general_ci;

-- 테이블 데이터 bbs.events:~14 rows (대략적) 내보내기
DELETE FROM `events`;
/*!40000 ALTER TABLE `events` DISABLE KEYS */;
INSERT INTO `events` (`event_id`, `date_id`, `time`, `description`) VALUES
	('1000', 1, '17:00:00', '개발자 인터뷰'),
	('1111', 1, '16:30:00', '네트웍 점검'),
	('1212', 1, '16:30:00', '공공 입찰/투찰 계획안 협의'),
	('8xBTex550W', 63, '08:00:00', 'asdad asdasdasd'),
	('999', 1, '16:30:00', '디자인팀 회의'),
	('hQezRN7pal', 62, '08:00:00', 'test 테스트 입니다.'),
	('i10U5FehoA', 68, '16:00:00', 'dfgdfg dfgdfgdfg'),
	('lWCvAn6KXp', 65, '08:00:00', 'dfgdfgdfgdf fg'),
	('ms3FVtdtR2', 60, '15:30:00', 'qeqwe'),
	('nNW7WRhV50', 59, '08:00:00', 'qweqwe'),
	('tC5b2l3bz1', 67, '08:00:00', 'dfgdfgg'),
	('TUCZ3Pfqz6', 56, '15:30:00', '테스트 당'),
	('wR1lW3duCf', 69, '16:30:00', 'ㅁㄴㅇㅁㄴㅇ'),
	('y4wShGzRtA', 66, '08:00:00', 'dfgdfgg');
/*!40000 ALTER TABLE `events` ENABLE KEYS */;

-- 테이블 bbs.glos 구조 내보내기
CREATE TABLE IF NOT EXISTS `glos` (
  `id` int(11) NOT NULL AUTO_INCREMENT,
  `en` varchar(255) NOT NULL,
  `ko` varchar(255) NOT NULL,
  `desc` varchar(1000) DEFAULT NULL,
  `img` varchar(500) DEFAULT NULL,
  `created_dt` varchar(20) DEFAULT curdate(),
  PRIMARY KEY (`id`)
) ENGINE=InnoDB AUTO_INCREMENT=249 DEFAULT CHARSET=utf8mb4 COLLATE=utf8mb4_general_ci;

-- 테이블 데이터 bbs.glos:~133 rows (대략적) 내보내기
DELETE FROM `glos`;
/*!40000 ALTER TABLE `glos` DISABLE KEYS */;
INSERT INTO `glos` (`id`, `en`, `ko`, `desc`, `img`, `created_dt`) VALUES
	(1, 'Acoustic Fatigue', '음향 피로', '강한 음장이나 진동 음압에 장시간 노출돼 구조물이 미세 균열·파손에 이르는 현상', 'http://www.ktword.co.kr/img_data/4477_1.jpg', '2025-03-09'),
	(2, 'Modal Analysis', '모달 해석', '구조물의 고유진동수와 모드 형상을 파악해 동특성을 분석하는 기법', 'http://www.ktword.co.kr/img_data/4477_1.jpg', '2025-03-09'),
	(3, 'Vibration Isolation', '진동 절연', '기계나 구조물에 발생하는 진동을 저감·차단하기 위한 설계와 기술', 'http://www.ktword.co.kr/img_data/4477_1.jpg', '2025-03-09'),
	(4, 'Damping', '감쇠감쇠감쇠', '진동 시스템에서 에너지가 소실되는 현상으로 진동 폭을 줄이는 역할', 'http://www.ktword.co.kr/img_data/4477_1.jpg', '2025-03-09'),
	(5, 'Boundary Element Method (BEM)', '경계요소법', '해석 대상의 경계를 요소로 분할해 음향·진동 문제를 해결하는 수치해석 기법', 'http://www.ktword.co.kr/img_data/4477_1.jpg', '2025-03-09'),
	(6, 'Acoustic Emission (AE)', '음향 방출', '재료나 구조물 결함 발생 시 방출되는 탄성파를 감지해 이상을 진단하는 비파괴 검사 기법', 'http://www.ktword.co.kr/img_data/4477_1.jpg', '2025-03-09'),
	(7, 'Fourier Transform', '푸리에 변환', '시간영역 신호를 주파수영역으로 변환하여 성분을 해석하는 수학적 방법', 'http://www.ktword.co.kr/img_data/4477_1.jpg', '2025-03-09'),
	(8, 'Reverberation Time (RT)', '잔향 시간', '공간 내 음압이 특정 수준만큼 줄어드는 데 걸리는 시간으로 실내 음향 특성을 나타냄', 'http://www.ktword.co.kr/img_data/4477_1.jpg', '2025-03-09'),
	(9, 'Sound Intensity', '음성 강도', '단위 면적당 전달되는 음향 에너지 흐름의 양', 'http://www.ktword.co.kr/img_data/4477_1.jpg', '2025-03-09'),
	(10, 'Active Noise Control (ANC)', '능동 소음 제어', '반대 위상의 음원을 생성해 실제 소음을 상쇄함으로써 소음을 줄이는 기술', 'http://www.ktword.co.kr/img_data/4477_1.jpg', '2025-03-09'),
	(11, 'Passive Noise Control', '수동 소음 제어', '흡음재, 차음재, 방음벽 등을 사용해 소음을 물리적으로 저감하는 전통적 방법', 'http://www.ktword.co.kr/img_data/4477_1.jpg', '2025-03-09'),
	(12, 'Sound Pressure Level (SPL)', '음압 레벨', '참조 음압 대비 실제 음압의 비를 데시벨(dB)로 환산한 값', 'http://www.ktword.co.kr/img_data/4477_1.jpg', '2025-03-09'),
	(13, 'Decibel (dB)', '데시벨', '음압, 진동가속도 등을 로그 스케일로 표현하는 단위', 'http://www.ktword.co.kr/img_data/4477_1.jpg', '2025-03-09'),
	(14, 'Transfer Path Analysis (TPA)', '전달 경로 해석', '소음·진동이 발생원에서 측정점까지 전달되는 경로와 기여도를 분석하는 기법', 'http://www.ktword.co.kr/img_data/4477_1.jpg', '2025-03-09'),
	(15, 'Helmholtz Resonator', '헬름홀츠 공진기', '특정 주파수대의 소음을 효율적으로 흡수·감쇠하는 공진기 구조', 'http://www.ktword.co.kr/img_data/4477_1.jpg', '2025-03-09'),
	(16, 'Shock Spectrum', '충격 스펙트럼', '단발성 충격에 대해 시스템이 주파수별로 어떻게 응답하는지를 나타낸 그래프', 'http://www.ktword.co.kr/img_data/4477_1.jpg', '2025-03-09'),
	(17, 'Anti-Resonance', '반(反)공진', '시스템 주파수 응답에서 진폭이 극소가 되는 주파수', 'http://www.ktword.co.kr/img_data/4477_1.jpg', '2025-03-09'),
	(18, 'White Noise', '백색 잡음', '모든 주파수대에서 균일한 에너지를 갖는 랜덤 신호', 'http://www.ktword.co.kr/img_data/4477_1.jpg', '2025-03-09'),
	(19, 'Random Vibration', '랜덤 진동', '주파수 성분이 시간에 따라 불규칙하게 분포하는 진동으로 통계적으로 분석됨', 'http://www.ktword.co.kr/img_data/4477_1.jpg', '2025-03-09'),
	(20, 'Equivalent Radiated Power (ERP)', '등가 방사 파워', '구조물이 방사하는 소음을 에너지 관점에서 등가로 표현한 척도', 'http://www.ktword.co.kr/img_data/4477_1.jpg', '2025-03-09'),
	(21, 'Rayleigh Integral', '레이리 적분', '판이나 막 등 진동하는 면에서 방사되는 음장을 해석하기 위한 수학적 기법', 'http://www.ktword.co.kr/img_data/4477_1.jpg', '2025-03-09'),
	(22, 'Frequency Response Function (FRF)', '주파수 응답 함수', '시스템이 각 주파수에서 어떻게 응답하는지 나타내는 전달 특성 (H(ω))', 'http://www.ktword.co.kr/img_data/4477_1.jpg', '2025-03-09'),
	(23, 'Vibro-Acoustic Coupling', '진동-음향 결합', '진동과 음향 간 에너지가 상호 교환되어 복합적인 현상이 발생하는 것', 'http://www.ktword.co.kr/img_data/4477_1.jpg', '2025-03-09'),
	(24, 'Aeroacoustics', '공력 음향학', '유체(공기) 흐름으로 인해 발생하는 소음을 해석·제어하는 학문', 'http://www.ktword.co.kr/img_data/4477_1.jpg', '2025-03-09'),
	(25, 'Campbell Diagram', '캠벨 선도', '회전체의 운전속도 범위에서 공진 주파수, 배음 등을 시각화한 그래프', 'http://www.ktword.co.kr/img_data/4477_1.jpg', '2025-03-09'),
	(26, 'Gear Mesh Frequency', '기어 물림 주파수', '기어가 맞물릴 때 발생하는 기본 진동/소음 주파수로 기어 결합 진동 분석의 핵심', 'http://www.ktword.co.kr/img_data/4477_1.jpg', '2025-03-09'),
	(27, 'Operational Deflection Shape (ODS)', '운전 변형 형상', '장비가 실제 운전 중일 때 발생하는 변형·진동 형상을 시각화해 분석하는 방법', 'http://www.ktword.co.kr/img_data/4477_1.jpg', '2025-03-09'),
	(28, 'Turbomachinery Noise', '터보기계 소음', '팬, 펌프, 터빈 등 회전체 유체기계에서 발생하는 유동 소음', 'http://www.ktword.co.kr/img_data/4477_1.jpg', '2025-03-09'),
	(29, 'Water Hammer', '수격 작용', '유체 흐름이 급격히 멈추거나 변화할 때 배관 내에 충격파가 발생하는 현상', 'http://www.ktword.co.kr/img_data/4477_1.jpg', '2025-03-09'),
	(30, 'Random Excitation', '랜덤 가진', '랜덤 형태의 외부 힘이나 입력이 시스템에 가해져 진동·응답이 유발되는 것', 'http://www.ktword.co.kr/img_data/4477_1.jpg', '2025-03-09'),
	(31, 'Time-Averaging', '시간 평균 기법', '노이즈를 줄이고 안정된 스펙트럼을 얻기 위해 시간영역에서 신호를 평균화하는 방법', 'http://www.ktword.co.kr/img_data/4477_1.jpg', '2025-03-09'),
	(32, 'Order Tracking', '오더 트래킹', '회전체나 왕복운동계와 동기화된 주파수 성분을 추적해 진동/소음을 분석하는 기법', 'http://www.ktword.co.kr/img_data/4477_1.jpg', '2025-03-09'),
	(33, 'Cyclostationary Analysis', '사이클 정상이론 해석', '베어링·기어 등 주기적 확률 과정을 다루는 신호 처리 기법', 'http://www.ktword.co.kr/img_data/4477_1.jpg', '2025-03-09'),
	(34, 'Rotordynamics', '회전체 동역학', '회전축, 터보머신 등 회전체 시스템에서 발생하는 진동 및 동특성을 해석하는 분야', 'http://www.ktword.co.kr/img_data/4477_1.jpg', '2025-03-09'),
	(35, 'Bearing Stiffness', '베어링 강성', '베어링의 변형 저항 특성으로 회전체 동특성에 큰 영향을 미침', 'http://www.ktword.co.kr/img_data/4477_1.jpg', '2025-03-09'),
	(36, 'Constrained Layer Damping (CLD)', '구속층 감쇠', '점성층과 강성층으로 구성된 복합구조를 사용해 진동 에너지를 흡수·감쇠하는 기법', 'http://www.ktword.co.kr/img_data/4477_1.jpg', '2025-03-09'),
	(37, 'Lumped Parameter Model', '집중정수 모델', '질량, 스프링, 감쇠기 등을 하나의 점(요소)으로 간주해 동적 특성을 근사하는 단순화 방법', 'http://www.ktword.co.kr/img_data/4477_1.jpg', '2025-03-09'),
	(38, 'Vibration Transmissibility', '진동 전달율', '입력 진동 대비 출력 진동(전달된 진동)의 비율로, 진동 절연 성능을 평가하는 지표', 'http://www.ktword.co.kr/img_data/4477_1.jpg', '2025-03-09'),
	(39, 'Shock Response Spectrum (SRS)', '충격 응답 스펙트럼', '충격에 대해 단자유도 시스템의 최대 응답을 주파수별로 나타낸 것', 'http://www.ktword.co.kr/img_data/4477_1.jpg', '2025-03-09'),
	(40, 'Cut-on Frequency', '개시 주파수', '도관, 파이프 등 파동전달계에서 특정 모드가 전파되기 시작하는 임계 주파수', 'http://www.ktword.co.kr/img_data/4477_1.jpg', '2025-03-09'),
	(41, 'Cut-off Frequency', '차단 주파수', '특정 모드가 전파되지 못하고 감쇠되기 시작하는 임계 주파수', 'http://www.ktword.co.kr/img_data/4477_1.jpg', '2025-03-09'),
	(42, 'Half-Power Bandwidth', '반출력 대역폭', '공진 주파수에서 응답이 최대치의 1/√2(약 -3dB)에 해당하는 폭', 'http://www.ktword.co.kr/img_data/4477_1.jpg', '2025-03-09'),
	(43, 'Cavitation', '캐비테이션', '액체 흐름 중 국부압력이 증기압 이하로 떨어져 기포가 발생·붕괴하면서 소음·진동·부식을 유발', 'http://www.ktword.co.kr/img_data/4477_1.jpg', '2025-03-09'),
	(44, 'Muffler', '머플러', '배기 소음을 감쇠하기 위해 배기관 내에 설치되는 장치', 'http://www.ktword.co.kr/img_data/4477_1.jpg', '2025-03-09'),
	(45, 'Sound Transmission Loss (STL)', '음 전달 손실', '벽이나 판재를 통해 음이 전달될 때 얼마나 저감되는지 나타내는 지표', 'http://www.ktword.co.kr/img_data/4477_1.jpg', '2025-03-09'),
	(46, 'Insertion Loss', '삽입 손실', '소음제어장치(머플러, 흡음재 등)를 삽입했을 때 소음이 얼마나 줄었는지 평가하는 수치', 'http://www.ktword.co.kr/img_data/4477_1.jpg', '2025-03-09'),
	(47, 'Far Field', '원거리장', '음원으로부터 충분히 먼 거리에서 구면파로 간주되는 음향장 영역', 'http://www.ktword.co.kr/img_data/4477_1.jpg', '2025-03-09'),
	(48, 'Near Field', '근거리장', '음원 주변으로, 음압과 입자속도가 복잡하게 분포하는 영역', 'http://www.ktword.co.kr/img_data/4477_1.jpg', '2025-03-09'),
	(49, 'Reactive Silencer', '반응형 소음기', '반사·공진 원리를 이용해 특정 주파수대의 소음을 줄이는 소음기', 'http://www.ktword.co.kr/img_data/4477_1.jpg', '2025-03-09'),
	(50, 'Absorptive Silencer', '흡음형 소음기', '흡음재를 사용해 소음을 흡수·감쇠시키는 형태의 소음기', 'http://www.ktword.co.kr/img_data/4477_1.jpg', '2025-03-09'),
	(51, 'Sound Intensity Probe', '음성 강도 탐침', '음성 강도(사운드 인텐시티)를 측정하기 위한 마이크 2채널(또는 다채널) 장치', 'http://www.ktword.co.kr/img_data/4477_1.jpg', '2025-03-09'),
	(52, 'Transfer Matrix Method (TMM)', '전달 행렬법', '다중 자유도 시스템 해석 시 요소별 행렬을 곱해 전체 시스템 특성을 구하는 방법', 'http://www.ktword.co.kr/img_data/4477_1.jpg', '2025-03-09'),
	(53, 'Air-Borne Noise', '공기 전파 소음', '공기를 매질로 전파되는 소음', 'http://www.ktword.co.kr/img_data/4477_1.jpg', '2025-03-09'),
	(54, 'Structure-Borne Noise', '구조 전달 소음', '진동이 고체 구조물을 통해 전달된 후 음으로 방사되는 소음', 'http://www.ktword.co.kr/img_data/4477_1.jpg', '2025-03-09'),
	(55, 'Torsional Vibration', '비틀림 진동', '축이 비틀리는 형태로 발생하는 회전체의 진동', 'http://www.ktword.co.kr/img_data/4477_1.jpg', '2025-03-09'),
	(56, 'Rotational Speed', '회전 속도', '회전체가 단위 시간당 회전하는 횟수 (rpm 등)로 표현', 'http://www.ktword.co.kr/img_data/4477_1.jpg', '2025-03-09'),
	(57, 'Critical Speed', '임계 속도', '회전체가 공진을 일으키는 회전 속도로 진동이 크게 증폭되는 지점', 'http://www.ktword.co.kr/img_data/4477_1.jpg', '2025-03-09'),
	(58, 'Whirl', '월 진동', '회전체 축이 회전과 함께 공진 모드 형상으로 궤적을 그리며 이동하는 진동', 'http://www.ktword.co.kr/img_data/4477_1.jpg', '2025-03-09'),
	(59, 'Fluid-Structure Interaction (FSI)', '유체-구조 상호작용', '유체 흐름과 구조물 진동이 상호 영향을 주고받는 복합적인 물리 현상', 'http://www.ktword.co.kr/img_data/4477_1.jpg', '2025-03-09'),
	(60, 'Plane Wave', '평면파', '등위상면이 서로 평행한 형태로 전파되는 음파나 진동 모드', 'http://www.ktword.co.kr/img_data/4477_1.jpg', '2025-03-09'),
	(61, 'Evanescent Wave', '감쇠파', '도파관이나 구조물 경계에서 지수적으로 감쇠하면서 전파되지 않는 모드', 'http://www.ktword.co.kr/img_data/4477_1.jpg', '2025-03-09'),
	(62, 'Impedance Matching', '임피던스 정합', '음향이나 진동이 전파될 때 반사를 줄이기 위해 매질 간 임피던스를 맞추는 기술', 'http://www.ktword.co.kr/img_data/4477_1.jpg', '2025-03-09'),
	(63, 'Infinite Plate Model', '무한판 모델', '판재 해석 시 경계영향을 무시하고 넓은 면적을 가정해 근사적으로 해석하는 기법', 'http://www.ktword.co.kr/img_data/4477_1.jpg', '2025-03-09'),
	(64, 'Contact Resonance', '접촉 공진', '두 물체가 맞닿은 면에서 발생하는 공진 현상으로 접촉강성·마찰에 따라 달라짐', 'http://www.ktword.co.kr/img_data/4477_1.jpg', '2025-03-09'),
	(65, 'Acousto-Elastic Effect', '음향 탄성 효과', '음파 전파 속도가 재료에 인가된 응력 상태에 따라 달라지는 현상', 'http://www.ktword.co.kr/img_data/4477_1.jpg', '2025-03-09'),
	(66, 'Laser Doppler Vibrometer (LDV)', '레이저 도플러 진동계', '레이저 빔의 도플러 이동을 측정해 비접촉식으로 물체의 진동 속도를 계측하는 장치', 'http://www.ktword.co.kr/img_data/4477_1.jpg', '2025-03-09'),
	(67, 'Scanning Vibrometer', '스캐닝 진동계', '레이저 빔을 여러 지점으로 스캐닝하면서 구조물의 진동 분포를 측정하는 장비', 'http://www.ktword.co.kr/img_data/4477_1.jpg', '2025-03-09'),
	(68, 'Operational Modal Analysis (OMA)', '운전 모드 해석', '실제 운전 환경에서 계측된 진동 응답만으로 구조물의 모달 특성을 추정하는 기법', 'http://www.ktword.co.kr/img_data/4477_1.jpg', '2025-03-09'),
	(69, 'Beamforming', '빔포밍', '다수의 마이크 배열로 특정 방향의 소음원 위치나 세기를 추정하는 기법', 'http://www.ktword.co.kr/img_data/4477_1.jpg', '2025-03-09'),
	(70, 'Acoustic Camera', '음향 카메라', '마이크 배열과 영상 기술을 결합하여 소음원을 시각적으로 가시화하는 장치', 'http://www.ktword.co.kr/img_data/4477_1.jpg', '2025-03-09'),
	(71, 'ECH-T', 'ECH-T 기법', '엔진실험에서 크랭크각 등과 동기화된 신호를 해석하기 위한 특정 엔진 진동 분석 방법', 'http://www.ktword.co.kr/img_data/4477_1.jpg', '2025-03-09'),
	(72, 'Noise Vibration Harshness (NVH)', '소음 진동 불쾌감', '차량 등에서 소음과 진동이 주는 거슬리는 체감 정도를 평가·분석하는 분야', 'http://www.ktword.co.kr/img_data/4477_1.jpg', '2025-03-09'),
	(73, 'Acoustic Metamaterial', '음향 메타물질', '음파 제어를 위해 인공적으로 설계된 구조로, 일반 물질에 없는 음향 특성을 구현', 'http://www.ktword.co.kr/img_data/4477_1.jpg', '2025-03-09'),
	(74, 'Sound Quality', '음질', '소음의 물리량만이 아니라 주관적·심리음향적 특성을 함께 고려한 음의 품질 평가', 'http://www.ktword.co.kr/img_data/4477_1.jpg', '2025-03-09'),
	(75, 'Flow-Induced Vibration (FIV)', '유동 유발 진동', '유체 흐름이 구조물에 작용하여 진동이 발생하는 현상', 'http://www.ktword.co.kr/img_data/4477_1.jpg', '2025-03-09'),
	(76, 'Acoustic Holography', '음향 홀로그래피', '마이크로폰 배열을 이용해 음향장을 역산하여 소스 위치와 세기를 2D·3D로 재현하는 기술', 'http://www.ktword.co.kr/img_data/4477_1.jpg', '2025-03-09'),
	(77, 'Vortex Shedding', '와류 박리', '유체가 물체 주위로 흐를 때 후류에서 발생하는 교대로 분리되는 와류가 진동의 원인이 됨', 'http://www.ktword.co.kr/img_data/4477_1.jpg', '2025-03-09'),
	(78, 'Fluidelastic Instability', '유체탄성 불안정', '유체 흐름과 구조 탄성이 상호작용하여 동특성이 급격히 변하거나 파괴로 이어지는 현상', 'http://www.ktword.co.kr/img_data/4477_1.jpg', '2025-03-09'),
	(79, 'Acoustic Black Hole', '음향 블랙홀', '판이나 빔 끝에 두께 변화를 이용해 음파 에너지를 효과적으로 흡수하는 구조 기술', 'http://www.ktword.co.kr/img_data/4477_1.jpg', '2025-03-09'),
	(80, 'Double Glazing', '이중 창호', '두 장의 유리를 사용해 소음·열 차단 성능을 높이는 건축 음향 기법', 'http://www.ktword.co.kr/img_data/4477_1.jpg', '2025-03-09'),
	(81, 'Fan Noise', '팬 소음', '회전 날개(블레이드)가 공기를 가속하면서 발생하는 유동 소음', 'http://www.ktword.co.kr/img_data/4477_1.jpg', '2025-03-09'),
	(82, 'Tonal Noise', '음색 소음', '특정 주파수 톤이 두드러지게 들리는 소음으로 사람에게 거슬림이 큼', 'http://www.ktword.co.kr/img_data/4477_1.jpg', '2025-03-09'),
	(83, 'Broadband Noise', '광대역 소음', '하나의 뚜렷한 톤 대신 광범위한 주파수대에 걸쳐 에너지가 분포된 소음', 'http://www.ktword.co.kr/img_data/4477_1.jpg', '2025-03-09'),
	(84, 'A-Weighting', 'A-가중', '인간 청각 특성에 가까운 주파수 응답을 적용해 소음레벨을 측정하는 방법', 'http://www.ktword.co.kr/img_data/4477_1.jpg', '2025-03-09'),
	(85, 'C-Weighting', 'C-가중', '저주파대역을 좀 더 많이 반영하는 가중 방식으로, 저주파 소음까지 고려', 'http://www.ktword.co.kr/img_data/4477_1.jpg', '2025-03-09'),
	(86, 'Sound Exposure Level (SEL)', '음 노출 레벨', '특정 이벤트(예: 비행기 이착륙)의 음향 에너지를 단일 수치로 환산한 지표', 'http://www.ktword.co.kr/img_data/4477_1.jpg', '2025-03-09'),
	(87, 'Displacement Amplitude', '변위 진폭', '진동 시스템에서 물체가 기준 위치로부터 이동한 최대 거리', 'http://www.ktword.co.kr/img_data/4477_1.jpg', '2025-03-09'),
	(88, 'Velocity Amplitude', '속도 진폭', '시간에 따라 변화하는 속도의 최대 크기로, 진동해석에서 중요한 파라미터', 'http://www.ktword.co.kr/img_data/4477_1.jpg', '2025-03-09'),
	(89, 'Acceleration Amplitude', '가속도 진폭', '가속도 변화의 최대 크기를 나타내며 진동이 인체·구조에 미치는 영향 평가에 자주 사용', 'http://www.ktword.co.kr/img_data/4477_1.jpg', '2025-03-09'),
	(90, 'Compliance', '컴플라이언스', '동역학 해석에서 스프링 상수의 역수에 해당하는 값으로 변위/힘', 'http://www.ktword.co.kr/img_data/4477_1.jpg', '2025-03-09'),
	(91, 'Radiation Efficiency', '방사 효율', '진동하는 구조물이 소리를 얼마나 효율적으로 방사하는지를 나타내는 척도', 'http://www.ktword.co.kr/img_data/4477_1.jpg', '2025-03-09'),
	(92, 'Tip Clearance Flow', '팁 간극 유동', '터보기계의 블레이드 팁과 하우징 사이의 간극으로 유동이 누설되어 발생하는 소음·손실', 'http://www.ktword.co.kr/img_data/4477_1.jpg', '2025-03-09'),
	(169, 'High Cycle Fatigue (HCF)', '고사이클 피로', '응력이 상대적으로 작지만 진동 횟수가 매우 많을 때 발생하는 피로 현상', 'http://www.ktword.co.kr/img_data/4477_1.jpg', '2025-03-09'),
	(170, 'Low Cycle Fatigue (LCF)', '저사이클 피로', '응력이 큰 상태에서 반복 변형 횟수가 적어도 재료에 피로 손상이 누적되는 현상', 'http://www.ktword.co.kr/img_data/4477_1.jpg', '2025-03-09'),
	(171, 'Bending Wave', '굽힘 파', '판이나 보에서 횡방향 변형으로 전파되는 파동 형태', 'http://www.ktword.co.kr/img_data/4477_1.jpg', '2025-03-09'),
	(172, 'Green’s Function', '그린 함수', '편미분방정식 해석에서 점특이 가진에 대한 해를 표현해 소음·진동장 해석에 적용', 'http://www.ktword.co.kr/img_data/4477_1.jpg', '2025-03-09'),
	(173, 'Time Reversal Acoustics', '시간 반전 음향', '음향 신호를 시간 축에서 역으로 재생해 특정 위치에 에너지를 집중시키는 기법', 'http://www.ktword.co.kr/img_data/4477_1.jpg', '2025-03-09'),
	(174, 'Coriolis Force', '코리올리 힘', '회전체 내 유동·진동 해석 시, 관성계와 회전계 사이에서 나타나는 가상 힘', 'http://www.ktword.co.kr/img_data/4477_1.jpg', '2025-03-09'),
	(175, 'Instantaneous Frequency', '순간 주파수', '시간-주파수 해석에서 시시각각 변하는 주파수 성분', 'http://www.ktword.co.kr/img_data/4477_1.jpg', '2025-03-09'),
	(176, 'Shock Isolation', '충격 절연', '충격이 전달되지 않도록 시스템을 격리시키거나 방진 소재를 사용하는 기술', 'http://www.ktword.co.kr/img_data/4477_1.jpg', '2025-03-09'),
	(177, 'Compressive Wave', '압축 파', '길이방향으로 밀고 당기는 방식으로 전파되는 종파(음파 등)', 'http://www.ktword.co.kr/img_data/4477_1.jpg', '2025-03-09'),
	(178, 'Boundary Layer Noise', '경계층 소음', '유동이 물체 표면을 따라 형성되는 경계층에서 발생하는 난류 소음', 'http://www.ktword.co.kr/img_data/4477_1.jpg', '2025-03-09'),
	(179, 'Sensory Dissonance', '감각적 불협화음', '두 톤이 가까운 주파수에 있을 때 발생하는 귀에 거슬리는 음정 (심리음향 분야)', 'http://www.ktword.co.kr/img_data/4477_1.jpg', '2025-03-09'),
	(180, 'Stick-Slip', '스틱-슬립', '마찰 접촉면에서 정지-미끄럼이 반복되어 진동 또는 소음이 발생하는 현상', 'http://www.ktword.co.kr/img_data/4477_1.jpg', '2025-03-09'),
	(181, 'Self-Sustained Oscillation', '자가유지 진동', '시스템 내부 에너지원으로 인해 외부 가진 없이도 지속되는 진동', 'http://www.ktword.co.kr/img_data/4477_1.jpg', '2025-03-09'),
	(182, 'Thermal Noise', '열 잡음', '물질의 분자 운동에 의해 발생하는 전기적·음향적 무작위 신호', 'http://www.ktword.co.kr/img_data/4477_1.jpg', '2025-03-09'),
	(183, 'Brake Squeal', '브레이크 스퀼', '브레이크 패드와 디스크 간 마찰로 인해 발생하는 고주파 진동·소음', 'http://www.ktword.co.kr/img_data/4477_1.jpg', '2025-03-09'),
	(184, 'Rainflow Counting', '빗물흐름 계산', '변동 하중 신호에서 피로 손상을 계산할 때 사용되는 알고리즘', 'http://www.ktword.co.kr/img_data/4477_1.jpg', '2025-03-09'),
	(185, 'Low-Noise Propeller', '저소음 프로펠러', '블레이드 형상·배치를 최적화해 소음 발생을 최소화한 프로펠러', 'http://www.ktword.co.kr/img_data/4477_1.jpg', '2025-03-09'),
	(186, 'Sound Deflection', '음향 편향', '온도나 풍속 경도 차이 등으로 인해 음파 전파 경로가 휘어지는 현상', 'http://www.ktword.co.kr/img_data/4477_1.jpg', '2025-03-09'),
	(187, 'Micro-Perforated Panel (MPP)', '미세 천공 패널', '아주 작은 구멍이 무수히 뚫린 패널로, 광대역 흡음 특성을 가지는 음향재', 'http://www.ktword.co.kr/img_data/4477_1.jpg', '2025-03-09'),
	(188, 'Porous Absorber', '다공질 흡음재', '스폰지, 유공질 등 내부 구조로 소리 에너지를 흡수·감쇠시키는 소재', 'http://www.ktword.co.kr/img_data/4477_1.jpg', '2025-03-09'),
	(189, 'Smart Material', '스마트 소재', '주변 자극(전기, 자기, 온도 등)에 따라 물성(진동, 음향 특성)이 능동적으로 변하는 재료', 'http://www.ktword.co.kr/img_data/4477_1.jpg', '2025-03-09'),
	(190, 'Baffle Step', '배플 스텝', '스피커 등에서 배플 폭과 관련된 주파수 영역에서 음압 응답이 변화하는 현상', 'http://www.ktword.co.kr/img_data/4477_1.jpg', '2025-03-09'),
	(191, 'Tonotopic Organization', '음색지각 지도', '내이(달팽이관)에서 주파수별로 공간적 분포가 다르게 감지되는 생리학적 구조', 'http://www.ktword.co.kr/img_data/4477_1.jpg', '2025-03-09'),
	(192, 'Annoyance Level', '불쾌도', '소음이 듣는 이에게 얼마나 거슬림을 주는지 평가하는 주관적 지표', 'http://www.ktword.co.kr/img_data/4477_1.jpg', '2025-03-09'),
	(193, 'Airborne Ultrasound', '공기 중 초음파', '초음속(>20kHz) 대역의 음파가 공기를 매질로 전파되는 현상, 센서·검출 등 활용', 'http://www.ktword.co.kr/img_data/4477_1.jpg', '2025-03-09'),
	(194, 'Electronically Controlled Suspension', '전자제어 서스펜션', '차량 진동·승차감을 전자적으로 제어해 소음·진동을 줄이는 시스템', 'http://www.ktword.co.kr/img_data/4477_1.jpg', '2025-03-09'),
	(195, 'Structure-Borne Vibration', '구조 전달 진동', '기계나 충격이 구조물에 전달되어 다른 지점에서 재방사되는 진동', 'http://www.ktword.co.kr/img_data/4477_1.jpg', '2025-03-09'),
	(196, 'Acoustic Absorption Coefficient', '음향 흡음률', '재료가 입사된 음향 에너지를 얼마나 흡수하는지 나타내는 비율', 'http://www.ktword.co.kr/img_data/4477_1.jpg', '2025-03-09'),
	(197, 'Dipole Source', '이중극 음원', '방향성이 강한 두 개의 극성이 반대인 음원 쌍으로, 특정 방향 분포의 소음을 설명', 'http://www.ktword.co.kr/img_data/4477_1.jpg', '2025-03-09'),
	(225, 'Coriolis Flow Meter', '코리올리 유량계', '관을 진동시키고 질량유량에 따른 고유 주파수 변화를 측정해 유량을 계측', 'http://www.ktword.co.kr/img_data/4477_1.jpg', '2025-03-09'),
	(226, 'Grating Lobe', '그레이팅 로브', '마이크 배열 빔포밍에서 배열 주기가 길 때 생기는 기생적 측방향 빔', 'http://www.ktword.co.kr/img_data/4477_1.jpg', '2025-03-09'),
	(227, 'Infrasonic', '초저주파', '20Hz 미만의 낮은 주파수 음파로, 지진파나 대기 중 저주파 소음 등에 해당', 'http://www.ktword.co.kr/img_data/4477_1.jpg', '2025-03-09'),
	(228, 'Tachometer Signal', '회전수 신호', '회전체의 rpm 등을 측정하기 위한 센서 신호', 'http://www.ktword.co.kr/img_data/4477_1.jpg', '2025-03-09'),
	(229, 'Impulse Response', '임펄스 응답', '시스템에 매우 짧은 충격(임펄스)를 가했을 때 나타나는 시간영역 응답', 'http://www.ktword.co.kr/img_data/4477_1.jpg', '2025-03-09'),
	(230, 'Time Reversal Mirror', '시간 반전 거울', '음향홀로그래피의 일종으로, 특정 지점에 음향 에너지를 집중시키는 기법', 'http://www.ktword.co.kr/img_data/4477_1.jpg', '2025-03-09'),
	(231, 'Polar Directivity Plot', '폴라 지향성 플롯', '음원이나 마이크가 각도별로 얼마나 음압을 방사·수음하는지 극좌표로 나타낸 그래프', 'http://www.ktword.co.kr/img_data/4477_1.jpg', '2025-03-09'),
	(232, 'Turbo Lag Noise', '터보 래그 소음', '터보차저가 회전속도를 올리는 과정에서 일시적인 압력 부족·유동 잡음이 발생', 'http://www.ktword.co.kr/img_data/4477_1.jpg', '2025-03-09'),
	(233, 'Squeak and Rattle', '스퀵 앤 래틀', '자동차 내장재나 부품 간 마찰·헐거움으로 인해 발생하는 잡음', 'http://www.ktword.co.kr/img_data/4477_1.jpg', '2025-03-09'),
	(234, 'Particle Velocity', '입자 속도', '음향장에서 매질 입자가 진동하는 속도의 크기와 방향', 'http://www.ktword.co.kr/img_data/4477_1.jpg', '2025-03-09'),
	(235, 'Noise Certification', '소음 인증 wrw', '항공기,   됴됻 차량 등이 규정된 소음 기준을 만족하는지 확인하기 위한 제도', 'http://www.ktword.co.kr/img_data/4477_1.jpg', '2025-03-09'),
	(236, 'Elasto-Plastic Vibration', '탄소성 진동', '재료가 탄성 한계를 넘어 소성 범위에서도 반복하중을 받아 진동하는 현상', 'http://www.ktword.co.kr/img_data/4477_1.jpg', '2025-03-09');
/*!40000 ALTER TABLE `glos` ENABLE KEYS */;

-- 테이블 bbs.glos_req 구조 내보내기
CREATE TABLE IF NOT EXISTS `glos_req` (
  `id` int(11) NOT NULL AUTO_INCREMENT,
  `glos_id` int(11) NOT NULL DEFAULT 0,
  `req_msg` varchar(500) NOT NULL DEFAULT '0',
  `req_date` varchar(20) NOT NULL DEFAULT curdate(),
  PRIMARY KEY (`id`)
) ENGINE=InnoDB AUTO_INCREMENT=12 DEFAULT CHARSET=utf8mb4 COLLATE=utf8mb4_general_ci;

-- 테이블 데이터 bbs.glos_req:~9 rows (대략적) 내보내기
DELETE FROM `glos_req`;
/*!40000 ALTER TABLE `glos_req` DISABLE KEYS */;
INSERT INTO `glos_req` (`id`, `glos_id`, `req_msg`, `req_date`) VALUES
	(1, 16, '내용을 ~~ 바꿔 주세요', '2025-03-08'),
	(2, 13, '내용을 ~~ 바꿔 주세요', '2025-03-08'),
	(3, 120, '내용을 ~~ 바꿔 주세요', '2025-03-08'),
	(4, 2, '내용을 ~~ 바꿔 주세요', '2025-03-08'),
	(5, 188, '내용을 ~~ 바꿔 주세요', '2025-03-08'),
	(6, 1, '내용을 ~~ 바꿔 주세요', '2025-03-08'),
	(7, 95, '내용을 ~~ 바꿔 주세요', '2025-03-08'),
	(8, 119, '내용을 ~~ 바꿔 주세요', '2025-03-09'),
	(9, 1, '테스트 입니다.', '2025-03-09');
/*!40000 ALTER TABLE `glos_req` ENABLE KEYS */;

-- 테이블 bbs.icon_mapping 구조 내보내기
CREATE TABLE IF NOT EXISTS `icon_mapping` (
  `id` int(11) NOT NULL AUTO_INCREMENT,
  `label` varchar(100) NOT NULL,
  `icon_class` varchar(100) NOT NULL,
  PRIMARY KEY (`id`)
) ENGINE=InnoDB AUTO_INCREMENT=26 DEFAULT CHARSET=utf8mb4 COLLATE=utf8mb4_general_ci;

-- 테이블 데이터 bbs.icon_mapping:~25 rows (대략적) 내보내기
DELETE FROM `icon_mapping`;
/*!40000 ALTER TABLE `icon_mapping` DISABLE KEYS */;
INSERT INTO `icon_mapping` (`id`, `label`, `icon_class`) VALUES
	(1, '조직도구성', 'fa-sitemap'),
	(2, '근태관리', 'fa-user-clock'),
	(3, '인센티브', 'fa-gift'),
	(4, '업무일정', 'fa-calendar-alt'),
	(5, '프로젝트일정', 'fa-tasks'),
	(6, '생산일정', 'fa-industry'),
	(7, '회원통계', 'fa-user'),
	(8, '매출통계', 'fa-chart-line'),
	(9, '체인운영', 'fa-store-alt'),
	(10, '예약관리', 'fa-calendar-plus'),
	(11, '회의실관리', 'fa-door-open'),
	(12, '병원예약', 'fa-hospital'),
	(13, '강의일정', 'fa-chalkboard-teacher'),
	(14, '행정구역정보', 'fa-map-marked-alt'),
	(15, '시스템로그', 'fa-clipboard-list'),
	(16, '컨설팅지정', 'fa-network-wired'),
	(17, '서베이', 'fa-poll'),
	(18, '코드관리', 'fa-server'),
	(19, '권한관리', 'fa-user-shield'),
	(20, '문서관리', 'fa-file-alt'),
	(21, 'WMS', 'fa-cubes'),
	(22, '용어관리', 'fa-book'),
	(23, '사물함', 'fa-archive'),
	(24, 'KEG-Code', 'fa-user'),
	(25, 'KEG-Editor', 'fa-user');
/*!40000 ALTER TABLE `icon_mapping` ENABLE KEYS */;

-- 테이블 bbs.inbound_data 구조 내보내기
CREATE TABLE IF NOT EXISTS `inbound_data` (
  `id` varchar(50) NOT NULL DEFAULT '0',
  `date` varchar(20) NOT NULL DEFAULT '',
  `title` varchar(255) NOT NULL DEFAULT '''''',
  `quantity` int(10) unsigned NOT NULL DEFAULT 0,
  `isbn` varchar(20) NOT NULL DEFAULT '''''',
  PRIMARY KEY (`id`)
) ENGINE=InnoDB DEFAULT CHARSET=utf8mb4 COLLATE=utf8mb4_general_ci;

-- 테이블 데이터 bbs.inbound_data:~5 rows (대략적) 내보내기
DELETE FROM `inbound_data`;
/*!40000 ALTER TABLE `inbound_data` DISABLE KEYS */;
INSERT INTO `inbound_data` (`id`, `date`, `title`, `quantity`, `isbn`) VALUES
	('88632b4f-207c-46ba-a9ff-1181c178c330', '2025-01-02', 'Fahrenheit 451', 111, '978-718-76697-8'),
	('c1655f88-8206-4e31-ae2c-a75ac05ca069', '2025-01-01', 'The Great Gatsby', 136, '978-228-11889-2'),
	('c895c4af-8121-4b70-b11c-1006fa16d3f0', '2025-01-09', 'The Grapes of Wrath 111', 125, '978-257-39654-1'),
	('f3761280-bee4-430a-84bc-15d5b9600452', '2025-01-04', 'Pride and Prejudice', 146, '978-787-82570-8'),
	('f6114592-7a33-45dc-80b3-97dabf622c1d', '2025-01-03', '123123123123123', 111, '978-498-21606-9');
/*!40000 ALTER TABLE `inbound_data` ENABLE KEYS */;

-- 테이블 bbs.item 구조 내보내기
CREATE TABLE IF NOT EXISTS `item` (
  `item_id` bigint(20) NOT NULL AUTO_INCREMENT,
  `name` varchar(255) NOT NULL,
  `price` double DEFAULT NULL,
  `category_id` bigint(20) DEFAULT NULL,
  `stock_id` bigint(20) DEFAULT NULL,
  PRIMARY KEY (`item_id`),
  KEY `FK2n9w8d0dp4bsfra9dcg0046l4` (`category_id`),
  KEY `FKc5xnxgxbxskykxmvmb3mwiogk` (`stock_id`),
  CONSTRAINT `FK2n9w8d0dp4bsfra9dcg0046l4` FOREIGN KEY (`category_id`) REFERENCES `category` (`category_id`),
  CONSTRAINT `FKc5xnxgxbxskykxmvmb3mwiogk` FOREIGN KEY (`stock_id`) REFERENCES `stock` (`stock_id`)
) ENGINE=InnoDB DEFAULT CHARSET=utf8mb4 COLLATE=utf8mb4_general_ci;

-- 테이블 데이터 bbs.item:~0 rows (대략적) 내보내기
DELETE FROM `item`;
/*!40000 ALTER TABLE `item` DISABLE KEYS */;
/*!40000 ALTER TABLE `item` ENABLE KEYS */;

-- 테이블 bbs.lockers 구조 내보내기
CREATE TABLE IF NOT EXISTS `lockers` (
  `id` int(11) NOT NULL,
  `status` enum('사용중','사용가능','일시중지','수리중') NOT NULL,
  `assigned_user_id` int(11) DEFAULT NULL,
  PRIMARY KEY (`id`),
  KEY `assigned_user_id` (`assigned_user_id`),
  CONSTRAINT `lockers_ibfk_1` FOREIGN KEY (`assigned_user_id`) REFERENCES `users` (`id`) ON DELETE SET NULL
) ENGINE=InnoDB DEFAULT CHARSET=utf8mb4 COLLATE=utf8mb4_general_ci;

-- 테이블 데이터 bbs.lockers:~50 rows (대략적) 내보내기
DELETE FROM `lockers`;
/*!40000 ALTER TABLE `lockers` DISABLE KEYS */;
INSERT INTO `lockers` (`id`, `status`, `assigned_user_id`) VALUES
	(1, '사용중', 1),
	(2, '사용가능', NULL),
	(3, '일시중지', NULL),
	(4, '수리중', NULL),
	(5, '사용가능', NULL),
	(6, '사용중', 2),
	(7, '사용가능', NULL),
	(8, '사용가능', NULL),
	(9, '수리중', NULL),
	(10, '사용가능', NULL),
	(11, '사용중', 3),
	(12, '일시중지', NULL),
	(13, '사용가능', NULL),
	(14, '수리중', NULL),
	(15, '사용중', 4),
	(16, '사용가능', NULL),
	(17, '사용중', 5),
	(18, '사용가능', NULL),
	(19, '일시중지', NULL),
	(20, '사용중', 6),
	(21, '사용가능', NULL),
	(22, '사용가능', NULL),
	(23, '사용가능', NULL),
	(24, '수리중', NULL),
	(25, '사용중', 7),
	(26, '사용가능', NULL),
	(27, '일시중지', NULL),
	(28, '사용중', NULL),
	(29, '사용가능', NULL),
	(30, '사용가능', NULL),
	(31, '사용중', 9),
	(32, '사용가능', NULL),
	(33, '수리중', NULL),
	(34, '사용중', 10),
	(35, '사용가능', NULL),
	(36, '사용가능', NULL),
	(37, '사용가능', NULL),
	(38, '사용가능', NULL),
	(39, '사용중', 11),
	(40, '사용가능', NULL),
	(41, '사용가능', NULL),
	(42, '일시중지', NULL),
	(43, '사용중', 12),
	(44, '수리중', NULL),
	(45, '사용중', 13),
	(46, '사용가능', NULL),
	(47, '사용가능', NULL),
	(48, '사용중', 14),
	(49, '사용가능', NULL),
	(50, '사용가능', NULL);
/*!40000 ALTER TABLE `lockers` ENABLE KEYS */;

-- 테이블 bbs.locker_usage_history 구조 내보내기
CREATE TABLE IF NOT EXISTS `locker_usage_history` (
  `id` int(11) NOT NULL AUTO_INCREMENT,
  `locker_id` int(11) NOT NULL,
  `user_id` int(11) NOT NULL,
  `usage_date` date NOT NULL,
  `remarks` varchar(255) DEFAULT NULL,
  PRIMARY KEY (`id`),
  KEY `locker_id` (`locker_id`),
  KEY `user_id` (`user_id`),
  CONSTRAINT `locker_usage_history_ibfk_1` FOREIGN KEY (`locker_id`) REFERENCES `lockers` (`id`) ON DELETE CASCADE,
  CONSTRAINT `locker_usage_history_ibfk_2` FOREIGN KEY (`user_id`) REFERENCES `users` (`id`) ON DELETE CASCADE
) ENGINE=InnoDB AUTO_INCREMENT=20 DEFAULT CHARSET=utf8mb4 COLLATE=utf8mb4_general_ci;

-- 테이블 데이터 bbs.locker_usage_history:~18 rows (대략적) 내보내기
DELETE FROM `locker_usage_history`;
/*!40000 ALTER TABLE `locker_usage_history` DISABLE KEYS */;
INSERT INTO `locker_usage_history` (`id`, `locker_id`, `user_id`, `usage_date`, `remarks`) VALUES
	(1, 1, 1, '2024-03-01', '배정됨'),
	(2, 1, 1, '2024-03-05', '반납됨'),
	(3, 6, 2, '2024-02-20', '배정됨'),
	(4, 6, 2, '2024-02-25', '반납됨'),
	(5, 11, 3, '2024-03-02', '배정됨'),
	(6, 11, 3, '2024-03-10', '반납됨'),
	(7, 15, 4, '2024-03-05', '배정됨'),
	(8, 15, 4, '2024-03-12', '반납됨'),
	(9, 17, 5, '2024-02-28', '배정됨'),
	(10, 17, 5, '2024-03-08', '반납됨'),
	(11, 20, 6, '2024-03-06', '배정됨'),
	(12, 25, 7, '2024-03-09', '배정됨'),
	(14, 31, 9, '2024-03-11', '배정됨'),
	(15, 34, 10, '2024-03-12', '배정됨'),
	(16, 39, 11, '2024-03-14', '배정됨'),
	(17, 43, 12, '2024-03-15', '배정됨'),
	(18, 45, 13, '2024-03-16', '배정됨'),
	(19, 48, 14, '2024-03-17', '배정됨');
/*!40000 ALTER TABLE `locker_usage_history` ENABLE KEYS */;

-- 테이블 bbs.member 구조 내보내기
CREATE TABLE IF NOT EXISTS `member` (
  `id` varchar(50) NOT NULL,
  `pwd` varchar(200) DEFAULT NULL,
  `name` varchar(50) DEFAULT NULL,
  `email` varchar(50) DEFAULT NULL,
  PRIMARY KEY (`id`) USING BTREE,
  UNIQUE KEY `인덱스 2` (`email`)
) ENGINE=InnoDB DEFAULT CHARSET=utf8mb4 COLLATE=utf8mb4_general_ci;

-- 테이블 데이터 bbs.member:~6 rows (대략적) 내보내기
DELETE FROM `member`;
/*!40000 ALTER TABLE `member` DISABLE KEYS */;
INSERT INTO `member` (`id`, `pwd`, `name`, `email`) VALUES
	('aaaaaa', '$2a$10$WuAoYsZCNSPjIpSfyzA8LuI1jwWAeK4KYdqEHlOQS9hl5jAeREY12', '가나다', 'aaaaa@aa.com'),
	('aaaaaaa', '$2a$10$je84beDucImRGv4mFY6eA.wfE61GAXLFFRLCemQA9UimwLc2Yk5uq', '다가가', 'aaaaaaa@a.com'),
	('test0001', '$2a$10$jOGykkRPNa5C9.SBtswdcujhuaVgCldLPMOXZMIw1/uCY5lVbZGLW', '자더더', 'a@aa.com'),
	('test0002', '$2a$10$EAsVdOzTN3mttYSmyh1lWO8TD3H/e0hRPnWxdcWaoRJT/m1eK5aW.', '김장성', 'a@a.com'),
	('test0003', '$2a$10$eyy06XA.kAoGX/RUr4dHGOmYgphsZQqkdx8oEhcUjkTmzo4zlLmJC', '박덩그', 'pa@aa.com'),
	('test0004', '$2a$10$wXs4gYfkpaN.tV2S1hJb.OqMmj0H4LJj2.Xx8cBmfvpHguV4XrYW6', '노도가', 'aa@aa.com');
/*!40000 ALTER TABLE `member` ENABLE KEYS */;

-- 테이블 bbs.member_menu_permission 구조 내보내기
CREATE TABLE IF NOT EXISTS `member_menu_permission` (
  `id` int(11) NOT NULL AUTO_INCREMENT,
  `member_id` varchar(100) NOT NULL,
  `menu_page_id` int(11) NOT NULL,
  `can_search` tinyint(1) DEFAULT 0,
  `can_add` tinyint(1) DEFAULT 0,
  `can_delete` tinyint(1) DEFAULT 0,
  `can_reset_search` tinyint(1) DEFAULT 0,
  `can_save` int(1) DEFAULT 0,
  `can_view` int(1) DEFAULT 0,
  PRIMARY KEY (`id`),
  KEY `member_id` (`member_id`),
  KEY `FK_member_menu_permission_menu_page` (`menu_page_id`) USING BTREE,
  CONSTRAINT `member_menu_permission_ibfk_1` FOREIGN KEY (`member_id`) REFERENCES `member` (`id`) ON DELETE CASCADE
) ENGINE=InnoDB AUTO_INCREMENT=5 DEFAULT CHARSET=utf8mb4 COLLATE=utf8mb4_general_ci;

-- 테이블 데이터 bbs.member_menu_permission:~1 rows (대략적) 내보내기
DELETE FROM `member_menu_permission`;
/*!40000 ALTER TABLE `member_menu_permission` DISABLE KEYS */;
INSERT INTO `member_menu_permission` (`id`, `member_id`, `menu_page_id`, `can_search`, `can_add`, `can_delete`, `can_reset_search`, `can_save`, `can_view`) VALUES
	(2, 'test0001', 18, 0, 1, 1, 0, 0, 0),
	(3, 'test0002', 18, 1, 1, 1, 1, 1, 1),
	(4, 'test0004', 20, 1, 1, 1, 1, 1, 1);
/*!40000 ALTER TABLE `member_menu_permission` ENABLE KEYS */;

-- 테이블 bbs.menu_item 구조 내보내기
CREATE TABLE IF NOT EXISTS `menu_item` (
  `id` int(11) NOT NULL AUTO_INCREMENT,
  `menu_page_id` int(11) NOT NULL,
  `href` varchar(100) NOT NULL,
  `label` varchar(100) NOT NULL,
  PRIMARY KEY (`id`),
  KEY `fk_menu_page` (`menu_page_id`),
  CONSTRAINT `fk_menu_page` FOREIGN KEY (`menu_page_id`) REFERENCES `menu_page` (`id`) ON DELETE CASCADE ON UPDATE CASCADE
) ENGINE=InnoDB AUTO_INCREMENT=99 DEFAULT CHARSET=utf8mb4 COLLATE=utf8mb4_general_ci;

-- 테이블 데이터 bbs.menu_item:~98 rows (대략적) 내보내기
DELETE FROM `menu_item`;
/*!40000 ALTER TABLE `menu_item` DISABLE KEYS */;
INSERT INTO `menu_item` (`id`, `menu_page_id`, `href`, `label`) VALUES
	(1, 1, 'orgni.html', '조직도구성'),
	(2, 1, 'attend.html', '근태관리'),
	(3, 1, 'total.html', '인센티브'),
	(4, 2, 'calendar.html', '업무일정'),
	(5, 2, 'trello.html', '프로젝트일정'),
	(6, 2, 'timeline.html', '생산일정'),
	(7, 3, 'stati.html', '회원통계'),
	(8, 3, 'flow.html', '매출통계'),
	(9, 3, 'chain.html', '체인운영'),
	(10, 4, 'work.html', '예약관리'),
	(11, 4, 'meeting.html', '회의실관리'),
	(12, 4, 'hospital.html', '병원예약'),
	(13, 4, 'lectures.html', '강의일정'),
	(14, 4, 'city.html', '행정구역정보'),
	(15, 5, 'config.html', '시스템로그'),
	(16, 5, 'network.html', '컨설팅지정'),
	(17, 5, 'survey.html', '서베이'),
	(18, 5, 'locker.html', '사물함'),
	(19, 6, 'system.html', '코드관리'),
	(20, 6, 'glos.html', '용어관리'),
	(21, 6, 'orgtree.html', '권한관리'),
	(22, 6, 'document.html', '문서관리'),
	(23, 6, 'wms.html', 'WMS'),
	(24, 7, 'stati.html', '회원통계'),
	(25, 7, 'flow.html', '매출통계'),
	(26, 7, 'chain.html', '체인운영'),
	(27, 8, 'system.html', '코드관리'),
	(28, 8, 'glos.html', '용어관리'),
	(29, 8, 'orgtree.html', '권한관리'),
	(30, 8, 'document.html', '문서관리'),
	(31, 8, 'wms.html', 'WMS'),
	(32, 9, 'work.html', '예약관리'),
	(33, 9, 'meeting.html', '회의실관리'),
	(34, 9, 'hospital.html', '병원예약'),
	(35, 9, 'lectures.html', '강의일정'),
	(36, 9, 'city.html', '행정구역정보'),
	(37, 10, 'config.html', '시스템로그'),
	(38, 10, 'network.html', '컨설팅지정'),
	(39, 10, 'survey.html', '서베이'),
	(40, 10, 'locker.html', '사물함'),
	(41, 11, 'work.html', '예약관리'),
	(42, 11, 'meeting.html', '회의실관리'),
	(43, 11, 'hospital.html', '병원예약'),
	(44, 11, 'lectures.html', '강의일정'),
	(45, 11, 'city.html', '행정구역정보'),
	(46, 12, 'work.html', '예약관리'),
	(47, 12, 'meeting.html', '회의실관리'),
	(48, 12, 'hospital.html', '병원예약'),
	(49, 12, 'lectures.html', '강의일정'),
	(50, 12, 'city.html', '행정구역정보'),
	(51, 13, 'config.html', '시스템로그'),
	(52, 13, 'network.html', '컨설팅지정'),
	(53, 13, 'survey.html', '서베이'),
	(54, 13, 'locker.html', '사물함'),
	(55, 14, 'orgni.html', '조직도구성'),
	(56, 14, 'attend.html', '근태관리'),
	(57, 14, 'total.html', '인센티브'),
	(58, 15, 'system.html', '코드관리'),
	(59, 15, 'glos.html', '용어관리'),
	(60, 15, 'orgtree.html', '권한관리'),
	(61, 15, 'document.html', '문서관리'),
	(62, 15, 'wms.html', 'WMS'),
	(63, 16, 'stati.html', '회원통계'),
	(64, 16, 'flow.html', '매출통계'),
	(65, 16, 'chain.html', '체인운영'),
	(66, 17, 'config.html', '시스템로그'),
	(67, 17, 'network.html', '컨설팅지정'),
	(68, 17, 'survey.html', '서베이'),
	(69, 17, 'locker.html', '사물함'),
	(70, 18, 'system.html', '코드관리'),
	(71, 18, 'glos.html', '용어관리'),
	(72, 18, 'orgtree.html', '권한관리'),
	(73, 18, 'document.html', '문서관리'),
	(74, 18, 'wms.html', 'WMS'),
	(75, 19, 'calendar.html', '업무일정'),
	(76, 19, 'trello.html', '프로젝트일정'),
	(77, 19, 'timeline.html', '생산일정'),
	(78, 20, 'orgni.html', '조직도구성'),
	(79, 20, 'attend.html', '근태관리'),
	(80, 20, 'total.html', '인센티브'),
	(81, 21, 'calendar.html', '업무일정'),
	(82, 21, 'trello.html', '프로젝트일정'),
	(83, 21, 'timeline.html', '생산일정'),
	(84, 22, 'system.html', '코드관리'),
	(85, 22, 'glos.html', '용어관리'),
	(86, 22, 'orgtree.html', '권한관리'),
	(87, 22, 'document.html', '문서관리'),
	(88, 22, 'wms.html', 'WMS'),
	(89, 23, 'work.html', '예약관리'),
	(90, 23, 'meeting.html', '회의실관리'),
	(91, 23, 'hospital.html', '병원예약'),
	(92, 23, 'lectures.html', '강의일정'),
	(93, 23, 'city.html', '행정구역정보'),
	(94, 1, 'kegcode.html', 'KEG-Code'),
	(95, 1, 'kegeditor.html', 'KEG-Editor'),
	(96, 1, 'kegeditor2.html', 'KEG-Editor2'),
	(97, 8, 'box.html', '3D도안'),
	(98, 1, 'orgsel.html', 'KEG-Tree');
/*!40000 ALTER TABLE `menu_item` ENABLE KEYS */;

-- 테이블 bbs.menu_page 구조 내보내기
CREATE TABLE IF NOT EXISTS `menu_page` (
  `id` int(11) NOT NULL AUTO_INCREMENT,
  `page_name` varchar(100) NOT NULL,
  PRIMARY KEY (`id`),
  UNIQUE KEY `page_name` (`page_name`)
) ENGINE=InnoDB AUTO_INCREMENT=31 DEFAULT CHARSET=utf8mb4 COLLATE=utf8mb4_general_ci;

-- 테이블 데이터 bbs.menu_page:~29 rows (대략적) 내보내기
DELETE FROM `menu_page`;
/*!40000 ALTER TABLE `menu_page` DISABLE KEYS */;
INSERT INTO `menu_page` (`id`, `page_name`) VALUES
	(1, 'attend.html'),
	(27, 'box.html'),
	(2, 'calendar.html'),
	(3, 'chain.html'),
	(4, 'city.html'),
	(5, 'config.html'),
	(30, 'copyright.html'),
	(29, 'coupon.html'),
	(6, 'document.html'),
	(7, 'flow.html'),
	(8, 'glos.html'),
	(9, 'hospital.html'),
	(24, 'kegcode.html'),
	(25, 'kegeditor.html'),
	(26, 'kegeditor2.html'),
	(11, 'lectures.html'),
	(10, 'locker.html'),
	(12, 'meeting.html'),
	(13, 'network.html'),
	(14, 'orgni.html'),
	(28, 'orgsel.html'),
	(15, 'orgtree.html'),
	(16, 'stati.html'),
	(17, 'survey.html'),
	(18, 'system.html'),
	(19, 'timeline.html'),
	(20, 'total.html'),
	(21, 'trello.html'),
	(22, 'wms.html'),
	(23, 'work.html');
/*!40000 ALTER TABLE `menu_page` ENABLE KEYS */;

-- 테이블 bbs.outbound_data 구조 내보내기
CREATE TABLE IF NOT EXISTS `outbound_data` (
  `id` char(36) NOT NULL,
  `date` date NOT NULL DEFAULT curdate(),
  `title` varchar(255) NOT NULL DEFAULT '''''',
  `quantity` int(10) unsigned NOT NULL DEFAULT 0,
  `isbn` varchar(20) NOT NULL DEFAULT '''''',
  PRIMARY KEY (`id`)
) ENGINE=InnoDB DEFAULT CHARSET=utf8mb4 COLLATE=utf8mb4_general_ci;

-- 테이블 데이터 bbs.outbound_data:~6 rows (대략적) 내보내기
DELETE FROM `outbound_data`;
/*!40000 ALTER TABLE `outbound_data` DISABLE KEYS */;
INSERT INTO `outbound_data` (`id`, `date`, `title`, `quantity`, `isbn`) VALUES
	('88632b4f-207c-46ba-a9ff-1181c178c330', '2025-01-15', 'Fahrenheit 451', 11, '978-718-76697-8'),
	('c1655f88-8206-4e31-ae2c-a75ac05ca069', '2025-01-01', 'The Great Gatsby', 36, '978-228-11889-2'),
	('c895c4af-8121-4b70-b11c-1006fa16d3f0', '2025-01-15', 'The Grapes of Wrath', 25, '978-257-39654-1'),
	('e76d177f-1409-4f5f-83e0-c31874f4e6c0', '2025-01-11', 'Brave New World', 11, '978-691-41538-9'),
	('f3761280-bee4-430a-84bc-15d5b9600452', '2025-01-04', 'Pride and Prejudice', 46, '978-787-82570-8'),
	('f6114592-7a33-45dc-80b3-97dabf622c1d', '2025-01-03', '123123123123123', 11, '978-498-21606-9');
/*!40000 ALTER TABLE `outbound_data` ENABLE KEYS */;

-- 테이블 bbs.read_history 구조 내보내기
CREATE TABLE IF NOT EXISTS `read_history` (
  `latest_access_at` varchar(50) DEFAULT NULL,
  `bbs_seq` varchar(50) DEFAULT NULL,
  `id` varchar(50) DEFAULT NULL
) ENGINE=InnoDB DEFAULT CHARSET=utf8mb4 COLLATE=utf8mb4_general_ci;

-- 테이블 데이터 bbs.read_history:~63 rows (대략적) 내보내기
DELETE FROM `read_history`;
/*!40000 ALTER TABLE `read_history` DISABLE KEYS */;
INSERT INTO `read_history` (`latest_access_at`, `bbs_seq`, `id`) VALUES
	('2023-08-13 11:12:28', '1', 'test0002'),
	('2023-08-13 15:24:49', '1', 'test0003'),
	('2023-08-13 15:25:07', '1', 'test0003'),
	('2023-08-13 15:26:07', '1', 'test0003'),
	('2023-08-18 06:30:57', '2', 'test0004'),
	('2023-12-20 16:04:41', '1', 'string'),
	('2023-12-20 16:04:51', '1', 'string'),
	('2023-08-13 11:12:28', '1', 'test0002'),
	('2023-08-13 15:24:49', '1', 'test0003'),
	('2023-08-13 15:25:07', '1', 'test0003'),
	('2023-08-13 15:26:07', '1', 'test0003'),
	('2023-08-18 06:30:57', '2', 'test0004'),
	('2023-12-20 16:04:41', '1', 'string'),
	('2023-12-20 16:04:51', '1', 'string'),
	('2023-08-13 11:12:28', '1', 'test0002'),
	('2023-08-13 15:24:49', '1', 'test0003'),
	('2023-08-13 15:25:07', '1', 'test0003'),
	('2023-08-13 15:26:07', '1', 'test0003'),
	('2023-08-18 06:30:57', '2', 'test0004'),
	('2023-12-20 16:04:41', '1', 'string'),
	('2023-12-20 16:04:51', '1', 'string'),
	('2023-08-13 11:12:28', '1', 'test0002'),
	('2023-08-13 15:24:49', '1', 'test0003'),
	('2023-08-13 15:25:07', '1', 'test0003'),
	('2023-08-13 15:26:07', '1', 'test0003'),
	('2023-08-18 06:30:57', '2', 'test0004'),
	('2023-12-20 16:04:41', '1', 'string'),
	('2023-12-20 16:04:51', '1', 'string'),
	('2023-08-13 11:12:28', '1', 'test0002'),
	('2023-08-13 15:24:49', '1', 'test0003'),
	('2023-08-13 15:25:07', '1', 'test0003'),
	('2023-08-13 15:26:07', '1', 'test0003'),
	('2023-08-18 06:30:57', '2', 'test0004'),
	('2023-12-20 16:04:41', '1', 'string'),
	('2023-12-20 16:04:51', '1', 'string'),
	('2023-08-13 11:12:28', '1', 'test0002'),
	('2023-08-13 15:24:49', '1', 'test0003'),
	('2023-08-13 15:25:07', '1', 'test0003'),
	('2023-08-13 15:26:07', '1', 'test0003'),
	('2023-08-18 06:30:57', '2', 'test0004'),
	('2023-12-20 16:04:41', '1', 'string'),
	('2023-12-20 16:04:51', '1', 'string'),
	('2023-08-13 11:12:28', '1', 'test0002'),
	('2023-08-13 15:24:49', '1', 'test0003'),
	('2023-08-13 15:25:07', '1', 'test0003'),
	('2023-08-13 15:26:07', '1', 'test0003'),
	('2023-08-18 06:30:57', '2', 'test0004'),
	('2023-12-20 16:04:41', '1', 'string'),
	('2023-12-20 16:04:51', '1', 'string'),
	('2023-08-13 11:12:28', '1', 'test0002'),
	('2023-08-13 15:24:49', '1', 'test0003'),
	('2023-08-13 15:25:07', '1', 'test0003'),
	('2023-08-13 15:26:07', '1', 'test0003'),
	('2023-08-18 06:30:57', '2', 'test0004'),
	('2023-12-20 16:04:41', '1', 'string'),
	('2023-12-20 16:04:51', '1', 'string'),
	('2023-08-13 11:12:28', '1', 'test0002'),
	('2023-08-13 15:24:49', '1', 'test0003'),
	('2023-08-13 15:25:07', '1', 'test0003'),
	('2023-08-13 15:26:07', '1', 'test0003'),
	('2023-08-18 06:30:57', '2', 'test0004'),
	('2023-12-20 16:04:41', '1', 'string'),
	('2023-12-20 16:04:51', '1', 'string');
/*!40000 ALTER TABLE `read_history` ENABLE KEYS */;

-- 테이블 bbs.reservations 구조 내보내기
CREATE TABLE IF NOT EXISTS `reservations` (
  `id` varchar(50) CHARACTER SET utf8mb3 COLLATE utf8mb3_general_ci NOT NULL,
  `name` varchar(50) CHARACTER SET utf8mb3 COLLATE utf8mb3_general_ci DEFAULT NULL,
  `departmentId` int(11) DEFAULT NULL,
  `date` date DEFAULT NULL,
  `time` time DEFAULT NULL,
  PRIMARY KEY (`id`)
) ENGINE=InnoDB DEFAULT CHARSET=utf8mb4 COLLATE=utf8mb4_general_ci;

-- 테이블 데이터 bbs.reservations:~10 rows (대략적) 내보내기
DELETE FROM `reservations`;
/*!40000 ALTER TABLE `reservations` DISABLE KEYS */;
INSERT INTO `reservations` (`id`, `name`, `departmentId`, `date`, `time`) VALUES
	('1', '최유리', 1, '2025-01-10', '09:00:00'),
	('10', '최준호', 10, '2025-01-11', '10:00:00'),
	('2', '박지훈', 2, '2025-01-10', '10:00:00'),
	('3', '이승기', 3, '2025-01-10', '11:00:00'),
	('4', '김소연', 4, '2025-01-10', '13:00:00'),
	('5', '오지연', 5, '2025-01-10', '14:00:00'),
	('6', '박성민', 6, '2025-01-10', '15:00:00'),
	('7', '김나현', 7, '2025-01-10', '16:00:00'),
	('8', '이정훈', 8, '2025-01-10', '17:00:00'),
	('9', '윤아름', 9, '2025-01-11', '09:00:00');
/*!40000 ALTER TABLE `reservations` ENABLE KEYS */;

-- 테이블 bbs.stock 구조 내보내기
CREATE TABLE IF NOT EXISTS `stock` (
  `stock_id` bigint(20) NOT NULL AUTO_INCREMENT,
  `name` varchar(255) DEFAULT NULL,
  `qty` int(11) DEFAULT NULL,
  PRIMARY KEY (`stock_id`)
) ENGINE=InnoDB DEFAULT CHARSET=utf8mb4 COLLATE=utf8mb4_general_ci;

-- 테이블 데이터 bbs.stock:~0 rows (대략적) 내보내기
DELETE FROM `stock`;
/*!40000 ALTER TABLE `stock` DISABLE KEYS */;
/*!40000 ALTER TABLE `stock` ENABLE KEYS */;

-- 테이블 bbs.user 구조 내보내기
CREATE TABLE IF NOT EXISTS `user` (
  `id` bigint(20) NOT NULL AUTO_INCREMENT,
  `email` varchar(255) DEFAULT NULL,
  `password` varchar(255) DEFAULT NULL,
  `username` varchar(255) DEFAULT NULL,
  PRIMARY KEY (`id`),
  UNIQUE KEY `UK_ob8kqyqqgmefl0aco34akdtpe` (`email`),
  UNIQUE KEY `UK_sb8bbouer5wak8vyiiy4pf2bx` (`username`)
) ENGINE=InnoDB DEFAULT CHARSET=utf8mb4 COLLATE=utf8mb4_general_ci;

-- 테이블 데이터 bbs.user:~0 rows (대략적) 내보내기
DELETE FROM `user`;
/*!40000 ALTER TABLE `user` DISABLE KEYS */;
/*!40000 ALTER TABLE `user` ENABLE KEYS */;

-- 테이블 bbs.users 구조 내보내기
CREATE TABLE IF NOT EXISTS `users` (
  `id` int(11) NOT NULL AUTO_INCREMENT,
  `name` varchar(50) NOT NULL,
  PRIMARY KEY (`id`),
  UNIQUE KEY `name` (`name`)
) ENGINE=InnoDB AUTO_INCREMENT=21 DEFAULT CHARSET=utf8mb4 COLLATE=utf8mb4_general_ci;

-- 테이블 데이터 bbs.users:~20 rows (대략적) 내보내기
DELETE FROM `users`;
/*!40000 ALTER TABLE `users` DISABLE KEYS */;
INSERT INTO `users` (`id`, `name`) VALUES
	(13, '권태형'),
	(20, '김도윤'),
	(2, '김영희'),
	(16, '문지훈'),
	(4, '박지영'),
	(9, '배수진'),
	(12, '서민호'),
	(14, '송다은'),
	(6, '오민준'),
	(11, '유지은'),
	(17, '이서연'),
	(10, '이정환'),
	(3, '이철수'),
	(7, '정윤아'),
	(18, '조민기'),
	(19, '차수현'),
	(5, '최수민'),
	(8, '테스트'),
	(15, '한지성'),
	(1, '홍길동');
/*!40000 ALTER TABLE `users` ENABLE KEYS */;

/*!40101 SET SQL_MODE=IFNULL(@OLD_SQL_MODE, '') */;
/*!40014 SET FOREIGN_KEY_CHECKS=IFNULL(@OLD_FOREIGN_KEY_CHECKS, 1) */;
/*!40101 SET CHARACTER_SET_CLIENT=@OLD_CHARACTER_SET_CLIENT */;
/*!40111 SET SQL_NOTES=IFNULL(@OLD_SQL_NOTES, 1) */;
